amount,hour,distance_from_home,merchant_risk_score,transactions_last_24h,is_fraud
66.30080577139805,9,4.304868271732184,0.21061749697465024,3,0
79.48072951836542,16,4.461474040711678,0.1981507411606952,6,0
5.0,22,2.990306594855644,0.2654492490071204,0,0
32.790139793592914,14,2.8860602653949723,0.1834228802398545,2,0
16.260737244863925,9,2.798596252429102,0.13721167855582106,4,0
78.07035179442383,21,6.544080395703044,0.2739305840832297,2,0
20.311855392242574,21,7.7748022322817185,0.34461946654953934,3,0
22.773090138752064,21,0.45607993538098013,0.32325248831179065,2,0
68.98795453266533,8,2.930043759070468,0.3628345959391362,3,0
26.502401229912888,15,8.274359442497612,0.11533882908666712,2,0
36.808068251774756,10,8.880075637635905,0.18989612231180772,4,0
52.61141204714514,17,4.83131596062579,0.1341726556798682,1,0
74.69511751885744,13,20.626177929713975,0.11990192066822916,4,0
561.7034312692324,3,268.3524589455545,0.6492959708517845,10,1
198.79305910617865,3,305.54325587979685,0.5,17,1
25.49192987038292,19,8.627798279814183,0.0,4,0
53.40552035753744,10,0.9823412613127267,0.13501785218591794,5,0
81.32482631207216,8,8.568378764436172,0.2168706261095203,2,0
53.66029443936084,16,7.844365977306692,0.22997745637215647,3,0
46.09570836896946,19,0.9816103422793634,0.2538806211751954,4,0
31.880444398525384,18,11.455624472243148,0.13392579639646918,5,0
58.30072397990057,22,3.6145031504273857,0.32431834372143586,3,0
64.9399487373635,9,4.833966960258386,0.07198746930668107,5,0
51.442548399841456,13,6.7218238162574035,0.09343002826445582,3,0
67.12671532079501,21,5.565406329876056,0.11775684227451372,2,0
69.01757066954033,13,7.097911768959495,0.05365940415733114,1,0
37.38064031703923,18,2.4475941735963724,0.15660338579271893,3,0
112.84405682670075,2,653.1946973195402,0.5737723315739928,12,1
261.8708128102661,4,192.3228042088661,0.8462217062025128,18,1
190.3824198984161,0,339.62757139294695,0.9118387430247097,22,1
6.557469755080277,15,11.712523425070883,0.38822922338341886,2,0
13.074070506981343,16,13.31912971258175,0.3919000893218606,0,0
64.14405071407987,17,2.0837605854963144,0.16046945225602538,4,0
8.516008071069919,9,1.758364384970952,0.2957789735136867,6,0
50.73530522776828,20,0.23808234490624955,0.16334989444878986,3,0
51.746261553379995,19,4.5631319649137705,0.20101750707414306,3,0
38.75537577351207,19,9.934512459101736,0.31111993566532803,3,0
55.45598765175485,21,4.187060198396787,0.23498123425488637,5,0
406.6022869344781,2,820.7611787122773,0.8771804646222415,13,1
79.26635381367078,20,7.4967247480629045,0.15709480731521494,2,0
68.72359451156466,8,0.9033792244258932,0.10579340984376336,7,0
58.88360831193728,22,5.307677948453637,0.2837507872483239,2,0
74.7624904696409,10,8.081479771168276,0.24753660343472123,3,0
100.0,4,642.9098469408018,0.7468981435957083,17,1
68.88886525770837,21,0.8067142018045923,0.16238233972183116,2,0
31.99349368523616,13,0.7414728800477295,0.26661660654716623,4,0
744.977276199291,5,889.6092200950752,0.70443929945182,13,1
22.335040274671236,14,2.803429493717177,0.1326953154872988,0,0
48.33356903310143,15,4.082009102195324,0.2697586600347178,2,0
20.04937877783627,19,3.9850161358640075,0.0,2,0
50.55255137568655,8,6.008466607048191,0.2354617568017944,3,0
85.65179820344252,21,10.280513652526324,0.3518886581452663,2,0
48.214239318146,15,9.420946114543753,0.0969985424136892,7,0
5.642412626604752,16,2.9877507365332923,0.24188647474089808,2,0
7.257554413596296,13,4.273478579538955,0.15291710234861736,4,0
31.94880163311809,22,5.608951268121961,0.2598057696452909,2,0
71.77299871696076,8,0.42891736701464767,0.28111432591099117,2,0
36.097469215626134,20,0.6258268761326533,0.37251173322585723,2,0
5.0,8,0.2768141713395642,0.24172634478581861,2,0
34.481346496988834,15,6.632169885638262,0.22180755086527237,1,0
76.98799626299751,17,0.11599929425785581,0.1429328651386675,2,0
80.92998567487854,18,0.6491877513418166,0.2693878444980654,1,0
65.89412533745849,8,7.2017529499405795,0.23135379672835155,3,0
165.58194471964163,16,24.408177338847246,0.05109996448760282,5,0
62.40304709671103,22,4.2589487013667515,0.2571878066178356,3,0
17.568100172003078,21,10.262935938177494,0.37266265064965953,3,0
49.017401893520045,14,2.527506176615665,0.25656870796693904,0,0
58.57596172174715,13,0.015864384174952055,0.18526996027449816,3,0
60.84186816525242,8,2.442555941383408,0.2461512405015809,2,0
93.247058619737,17,2.623831244549219,0.11185663915419258,1,0
55.23733438495517,19,4.363142630236245,0.2517196834539014,2,0
24.16147396015209,15,0.1490195807748474,0.10982184132991794,2,0
52.146987116581776,9,4.566579510150656,0.16546068453299528,3,0
11.61269099792895,17,4.3287765746346265,0.20058335466654337,2,0
32.31905729167366,20,0.2712459804951291,0.34827147941724146,6,0
31.319014405382188,19,0.5498408950468257,0.10342425843937407,4,0
41.93333928335508,13,4.468580354890314,0.33693876725962946,1,0
55.90583707607371,11,1.2655300971593155,0.17828066499390352,3,0
24.317485222733982,9,6.551226958420794,0.1900619669873577,4,0
32.2528583349251,10,0.652689430056336,0.14954475629157823,5,0
88.14665284982476,20,10.69632105975796,0.2816339155938344,6,0
47.83969635258998,19,0.0016628070645326948,0.21848132707641854,2,0
63.86310422789812,13,7.5797327499075005,0.3247811197916247,0,0
80.10598693676073,14,0.08923054166893067,0.2460419729440048,3,0
59.72499057465326,10,3.4275459631175997,0.11525703078820543,3,0
61.13437620113926,19,0.30455960645560487,0.14916106287419317,4,0
333.30140808695603,2,772.1670853623676,0.8890146535738183,14,1
48.87095892725455,20,5.078858008763154,0.12294320856138193,2,0
81.60925389823518,11,0.2290598820317323,0.42362836507959867,1,0
73.74988081888807,22,19.472564783622484,0.1540269268625773,4,0
5.0,17,2.4998228173415344,0.14969194608953446,4,0
78.65426961503715,12,1.0883507452613432,0.3036201832131722,1,0
30.1212872316246,12,6.6983731978325,0.16757639891517995,4,0
35.439093565126896,15,6.895440066229675,0.17590887549063802,1,0
63.7754023768531,16,2.348446935379263,0.09941873296378907,6,0
98.85846636713876,8,14.6532776926107,0.2757905396111012,1,0
84.47819978857027,11,9.39114735391749,0.15806844546682788,5,0
34.10719388698884,14,1.3240322214699245,0.32706995850921916,4,0
14.113801277579874,10,10.441612004069965,0.3059940556059151,4,0
97.38716437192137,15,0.8007507297389481,0.0,3,0
53.42682945986119,15,3.7750227405695833,0.17953782487351316,0,0
94.26068650848656,11,1.2759046969202081,0.13450540391973098,1,0
852.5050481579171,1,671.9088008154215,0.5,15,1
88.00733447559868,14,4.772277138485035,0.342025693244196,4,0
5.0,9,3.2017977779071267,0.277325432131705,5,0
42.62770807742167,9,1.3646679098054995,0.34690233975407675,2,0
60.128079862256065,8,2.4695097637333414,0.19609957993813465,4,0
221.67377895862785,2,404.04207975633756,0.6559071512211447,11,1
42.638356519913884,11,2.6562551319659384,0.1539593384360758,2,0
246.60144196484242,5,317.18157302122177,0.7897344930384298,18,1
57.791675051644454,12,0.5621702950546942,0.12329824730979999,1,0
39.114843186810226,11,7.863635192115578,0.25891393590279727,5,0
235.41023433217035,1,176.4129584992774,0.62519631652858,20,1
58.011507976077766,14,0.8156631869097806,0.11360408831647865,3,0
77.46206353106223,20,5.014551282968629,0.10037679437774798,3,0
41.917794966663266,17,0.6748265740993522,0.06175400750539081,5,0
43.29611644022447,8,16.072740773272102,0.1301049560536399,0,0
275.44764265242236,4,465.57247943049043,0.7842099302329817,20,1
30.444916765935226,14,23.983237950314763,0.3461738133534894,2,0
60.71046457895142,20,4.573571945564143,0.28537246722572773,4,0
82.00024068767462,10,0.01160118787694962,0.1567099181214853,5,0
91.05894672597046,18,3.438370230758412,0.0993020526553359,4,0
61.974083430562125,17,0.9427957388592335,0.2484159118932953,7,0
22.192085852657513,19,3.7133593647706817,0.11399866384214602,5,0
55.59362944308283,17,4.732983071771434,0.16925765554017402,2,0
37.37046557539211,12,2.6616180355934844,0.37198462111025854,2,0
118.12078573413187,13,0.2361056914354861,0.10593551023590858,0,0
70.09017646490116,11,8.005964684869157,0.22978560942060214,3,0
60.033703699610754,19,5.111011323787464,0.14673390274912407,2,0
78.14851417927993,17,3.799187073785393,0.07432386551043604,2,0
61.319014791345566,21,9.105493949541664,0.18015234849242445,4,0
34.07009134994547,20,3.3806458347818342,0.17456232241944503,3,0
12.566504541054513,21,6.922389748350023,0.33851489252123235,3,0
452.2995961970172,5,596.3045024617732,0.5093921683571421,18,1
22.870501246867743,22,1.8910952936163463,0.34776818779376784,4,0
77.93840357348596,9,3.252680558202134,0.3596079735533149,3,0
73.73095841129141,8,3.459078686406495,0.26170301703206966,2,0
72.76907661479802,11,5.053979180479155,0.16822193956639303,2,0
53.32767769129598,21,2.480036161120012,0.22798426609976088,1,0
48.92521882670145,22,1.0646200928511849,0.1585541898229674,2,0
5.644340288977176,8,3.2634288805457556,0.22263009348218674,3,0
30.400123022788645,15,6.768401378616762,0.2708421042894582,2,0
5.0,14,3.8017015709905007,0.05249628016598831,3,0
69.8639202356314,22,0.1475116279532641,0.21339599071656448,2,0
85.07886771337019,15,0.22583384793039826,0.23144489173519622,5,0
245.7129328875224,3,738.0814409778784,0.5942925148764602,15,1
44.39385067515923,21,1.3396404657064054,0.2116438240663394,4,0
13.991107788326715,14,0.8768181408426159,0.11960276011930222,2,0
118.9669437085775,8,1.9713138282617928,0.09209244999320237,3,0
67.8547107631074,10,23.623391443069693,0.24486131033181624,4,0
5.0,12,11.896259781517308,0.0533792169103835,1,0
14.260895083920545,11,0.5567114875466499,0.21878025478910884,1,0
100.0,2,503.2887851350925,0.7599303846793491,10,1
5.0,21,7.10287684532987,0.3299974046725753,4,0
255.88992860429238,0,640.8226568587114,0.8552032043033971,22,1
29.008234760222432,13,2.9674409013555865,0.18659534167428046,2,0
43.93422042698318,9,1.3450055931421092,0.2133093735136784,9,0
12.466592708440913,11,0.48412298618165045,0.16173215624481319,5,0
35.6247728646413,19,0.6507430441844257,0.2184900816928977,3,0
70.45674468878934,19,2.0278804875296275,0.34615262062765034,4,0
34.69950803435759,20,2.080652736324641,0.2043873359828975,3,0
103.1240190690653,14,4.340140662606065,0.2755925191643794,5,0
70.88619094440256,22,3.1719746160635727,0.3060813686255389,1,0
105.46868284836036,18,2.9662209224394016,0.36405335708923703,1,0
38.368953201920476,15,0.3065670044588799,0.3661441013728396,1,0
5.0,11,3.792157521142755,0.11869878782796277,3,0
74.3858635651688,14,5.059751315398744,0.1383394945954503,2,0
63.32789934458119,15,6.321660348884412,0.2470514761760802,5,0
89.16436421462987,12,6.614078820811086,0.10755027907443966,1,0
43.46956390318339,13,2.32147578310053,0.1675226526720825,4,0
95.98216739007734,14,1.6121429304084907,0.20027618358839366,0,0
83.5872473430373,13,0.6257983143698169,0.3272058982339883,3,0
5.0,22,4.824099683708484,0.22983774526011794,3,0
221.43180597034055,2,576.9928451433118,0.9569590847668612,12,1
30.602813472724204,10,1.9505027369876573,0.07084888989041949,2,0
62.051351662968244,10,18.411436705791186,0.1816808654282878,3,0
5.0,13,6.780728190259081,0.1782047946731354,0,0
73.2390216028801,9,3.86848648093189,0.22136458815124715,1,0
52.8836233082295,20,1.417835596930952,0.05850241281239518,1,0
102.56811330270868,9,2.4704354311659635,0.33083158308914357,2,0
95.69372231808973,18,8.656854034257726,0.27372913165470525,0,0
87.38255577492887,10,4.2757377434273875,0.32974214212897035,2,0
55.500260172150554,17,1.3510729999051092,0.07219415208821986,2,0
5.0,20,0.15804986184145098,0.0,3,0
64.77353792024448,9,0.49177235869411523,0.29619566195553787,2,0
40.338154513829735,19,0.3974722785783309,0.2731246506670406,2,0
19.924119060865735,11,3.193867302666047,0.22299264678934305,2,0
37.963385843424916,17,2.8008398918566053,0.26820595085768006,3,0
337.9032392954508,4,469.4524802718713,0.6109865478408805,14,1
7.800167094553331,8,3.730763371974473,0.23549682547576656,5,0
100.0,3,603.8341360403762,0.5,17,1
41.54646173418478,13,11.872705080366554,0.3956418253188451,5,0
50.41787875738839,18,8.95830951412943,0.2942568548536189,2,0
15.710891065081306,13,0.499166312145431,0.21849422828744094,4,0
69.54173753917394,13,1.4949395178673264,0.35832255296925064,4,0
53.60886895135697,16,4.745363184775967,0.08140889907671539,3,0
52.27413674581179,21,5.981191092846788,0.1290621292442139,5,0
65.45143058918144,19,0.06398208000343096,0.17824592514160564,2,0
16.235328581048705,20,0.33436966252566214,0.14286257785500883,4,0
52.75282329606507,17,2.81355316335694,0.2397701770507296,1,0
41.24918750620169,9,4.943635834908681,0.1521422555378533,1,0
51.42196013949242,14,0.37723364811799065,0.21610514785965887,0,0
40.713606820580296,8,8.056069418274227,0.12768843693610527,3,0
37.023254365411375,22,2.4031954478595265,0.2366565757193122,1,0
96.5150147844223,9,6.84935067348418,0.24338808509002324,5,0
41.90375194119886,18,22.562206834321522,0.15849984176648807,2,0
62.38342780809495,8,14.263824299083502,0.11337730519927502,5,0
288.9370882775695,0,581.6818058256918,1.0,20,1
66.16730131053976,18,1.1770482897906633,0.18413833229486784,3,0
36.63492435797684,10,3.0943330126138546,0.3516812867129874,1,0
90.68720085712468,20,9.534122527323618,0.08109271341961527,3,0
89.21428262847284,20,7.597310214605654,0.2786312709880447,3,0
597.1177216015561,5,1279.2750208117288,1.0,12,1
34.314199185401954,8,9.571594608292685,0.3987130970670105,2,0
51.77655302043465,19,0.25381903344751194,0.07714014842961914,3,0
23.082368855425052,8,4.41523601385278,0.15512317755113691,1,0
28.614626519685068,12,1.62741866929712,0.3551155044595704,3,0
62.14945132882867,20,1.6279727495188805,0.14728786145848838,6,0
364.8053544234047,4,1286.4424359435466,0.6237978327810856,12,1
5.0,22,4.565135346087056,0.18091825945456547,1,0
53.51982149926346,12,3.6729361731009185,0.09618308529130662,4,0
80.87466911976931,12,0.40396093461008153,0.0,3,0
480.1858468501085,2,103.67009578567115,0.7459527774371413,15,1
5.0,13,8.840187520001187,0.2935881556271716,3,0
44.98645759049437,11,0.35763866242722864,0.12226099241410954,2,0
69.43065614302077,11,0.487673555288127,0.13807635350205585,6,0
5.0,15,7.119954829249032,0.10270502206833347,1,0
59.327226967940135,16,0.2949311574057507,0.022164903273461933,4,0
480.8993282765243,4,641.3285321993073,0.5,17,1
24.187599041481427,17,0.4010528402102445,0.23742781804811453,1,0
35.86885083145032,11,4.987105985371028,0.2131719889534316,4,0
418.0034839983456,5,985.4677882105482,0.7378351477130752,14,1
21.33378678198723,12,1.9258632425305122,0.21136244574943272,4,0
5.0,12,4.94750855769701,0.31087883824753654,4,0
18.26867213132299,22,0.7615504944540981,0.3089835536450434,1,0
105.56834553526814,19,3.801578506215918,0.1150613084844095,7,0
56.493757687459244,17,3.3510036783127184,0.2760769641959354,2,0
351.0179392874963,1,162.33980120838493,1.0,20,1
56.42281232390612,22,12.647251632131407,0.3087195184395305,2,0
29.68514865463665,12,13.26901213235672,0.3876173413227712,2,0
95.69089569224076,9,1.4856142597174895,0.23131188297472643,3,0
8.669918961287266,10,1.5995892512497303,0.0,4,0
32.69686008295002,20,6.3483813049782505,0.05898589950196767,3,0
50.89268418487236,10,3.2492743000591098,0.15159503636129817,2,0
88.32994687365274,14,2.3377340177287773,0.3497368970934125,3,0
47.76662252701498,12,1.0517218580613956,0.34798860999138403,2,0
14.502244620026744,17,7.014307818708615,0.14965789466731694,6,0
41.029779486023976,14,1.7645178101469123,0.16062426835267882,3,0
25.745191913204373,8,5.882080924757292,0.29830827052059006,7,0
45.4464471489325,18,10.36779322391335,0.19719096865919777,5,0
94.33682134224549,20,1.5420600302976792,0.199649200799146,1,0
100.0,5,100.0,0.9956135451038843,13,1
5.0,20,2.9360835552751414,0.2656357450629291,3,0
91.46476973112581,13,2.0910985521695564,0.0574406684521897,1,0
46.563804642421466,21,2.706337678225438,0.20962607764033825,3,0
112.7716182705638,20,6.735106452178979,0.16217047257387882,3,0
72.54161370115366,14,4.756707202575025,0.3033118515399841,1,0
305.3144566883694,5,220.94525916272835,0.7650533052876447,18,1
424.1873979628878,2,216.5875372182777,0.5256985276683972,16,1
42.97589129152458,20,10.000793472836083,0.13038476410368788,2,0
20.64881667154904,14,2.450154908009761,0.06014803519348158,2,0
43.37091201400331,20,4.75276957188264,0.1307268535511316,3,0
57.83165816539668,21,2.186607696830129,0.3306874095875274,5,0
98.97233911794905,11,7.108082332957142,0.26771597120657875,4,0
41.34024083239585,22,1.661624072445169,0.34935827693088695,6,0
69.75632818018491,17,1.7722080011269736,0.12325789999283253,2,0
50.84955128391383,9,19.58743764734528,0.15886101699725094,2,0
24.808344734576718,21,0.684761664203572,0.1489665016792252,3,0
95.88650958381841,10,7.7264583213096625,0.0,3,0
32.01822063667933,14,10.691102945072824,0.22117497180811274,4,0
49.76082076050148,11,0.695313016321224,0.15268299293639614,3,0
84.28468443545061,10,1.5452172991667315,0.1745100155131541,4,0
234.66147602849617,0,164.06718526122245,0.8367795528685413,28,1
12.173481369948647,10,1.0780715073649247,0.0066558893214018755,3,0
67.11796005779478,8,8.204536629504611,0.28029239690806607,5,0
66.27680130757894,9,0.3259418376321581,0.27846003184367085,3,0
23.48427691396601,16,0.22360431097429095,0.11613104762961068,4,0
90.66913576414854,12,7.783298711584247,0.14117635404123172,7,0
60.713377145352396,9,7.632290858281648,0.025893068993735086,1,0
68.3175723585147,19,3.34570032841953,0.2329373145583527,0,0
24.504668916056247,10,0.38570600095626856,0.2820759303981306,1,0
70.44502092117872,12,7.425910276783362,0.0,1,0
75.57300004388672,17,0.8218347778072013,0.13277217278124012,5,0
43.756332489281746,14,1.2772927301325863,0.28119403283952915,2,0
84.06696920541796,22,1.9057346134853224,0.3316958836686704,1,0
54.509052843856324,11,8.830977134765195,0.2004813307376785,1,0
25.18307169343031,11,0.18481196298925107,0.14390647857762534,4,0
18.223594343331452,12,0.4903136689021209,0.0475584661879023,5,0
17.66765666212082,21,0.5711302411036732,0.22332059639852075,2,0
242.74638927894688,2,821.0295454481821,0.6958189184446842,12,1
499.45319073958285,3,417.3359064812822,0.5,8,1
48.81334538430035,14,17.658037454632364,0.3231984471269636,6,0
107.28249921410392,16,0.5868755992458895,0.32679221333318875,1,0
46.630158509275105,18,0.9078151032734049,0.29167449190592204,4,0
46.737195546294274,17,7.735288341984364,0.24261195264046617,1,0
34.08496557168418,21,0.924750281436188,0.2977568032161546,2,0
465.2057583413564,4,950.1261313064446,0.64318266941015,20,1
81.75273460548763,13,3.935616602885518,0.2597731708113624,1,0
73.02304187458726,19,3.5345921706366394,0.0872576943853492,4,0
28.569457459208966,19,6.8561865969490725,0.15572749478153383,1,0
16.10879436027146,9,0.3548244658654875,0.2348690451757246,3,0
61.521963468179216,18,4.020545829127623,0.19749912936909586,1,0
5.0,18,22.29064764663232,0.16035641705685852,0,0
42.53107554562779,14,2.200076043467087,0.03522018916159647,5,0
47.76699712699861,8,12.994006053564638,0.28663199502620573,1,0
119.54742246315033,3,823.361316748242,0.6104373595226785,15,1
79.25359200253254,22,7.629666171922588,0.01195569448751621,0,0
57.06843674325698,20,3.8036611470600317,0.2537315657544204,3,0
623.1988125126455,3,419.4118484340231,0.7157703608034348,14,1
19.757410672477878,13,6.149673351870354,0.23014205155167672,3,0
81.12619832773697,10,2.005433565489034,0.3331756970394554,1,0
69.15777376332122,13,0.01912218986623511,0.0,1,0
37.541362582975964,9,0.35394170939258873,0.17766494591162646,1,0
102.64382545953094,20,10.948026287288359,0.1932085262437467,1,0
34.583992479899194,18,2.5323538536356254,0.22638517010739348,3,0
65.12139546553533,12,0.4937791205107609,0.08715263702524534,3,0
28.540888722200954,8,5.78064585441472,0.20603219145329724,5,0
75.72978869606058,17,0.7040715764599099,0.09630489940250582,4,0
33.807209590719154,22,3.142491309118465,0.30545935162270593,4,0
78.62005290479607,13,10.570937662673368,0.1163372070709369,3,0
5.0,9,0.9356540650502976,0.21577507810297153,2,0
65.65824696850693,11,2.9948214225040792,0.1065648391421489,2,0
72.41880815369785,15,20.078366711973597,0.2253861209014585,4,0
51.67174736866084,9,5.641642814666773,0.21039388341488993,3,0
42.57444093345486,12,1.1714274055273985,0.1363474276824398,2,0
32.228182272833926,18,1.884831388109185,0.17285185323930652,2,0
57.34899713326168,19,13.851220901406563,0.30753934456460774,2,0
7.332388712069772,8,6.458295645706075,0.20004212592371184,2,0
47.09860664388823,15,0.615007176821184,0.14719661614366955,4,0
64.20777291905544,22,0.5387586932010129,0.07122245547017622,2,0
7.746161109093208,22,6.9284879848245495,0.18094716323363225,5,0
82.9633055596157,9,0.3229178208792663,0.43003956426851714,5,0
9.554437336828613,13,2.978769238991867,0.2193569399253578,7,0
82.82574555412845,21,0.7060522259592974,0.1420947452052746,2,0
64.90142459033697,22,1.396299632924015,0.2180583206608363,6,0
70.45858913884892,16,0.9526562672026524,0.3456709950061794,2,0
11.58711942511151,14,5.198653079226236,0.21721840922401575,3,0
43.90863841871022,8,8.23559584463417,0.09795954361677633,2,0
8.620423159564183,20,0.15637011771598694,0.10002471989118683,2,0
48.0176060405805,9,0.9144006326522691,0.26195664721781076,1,0
59.33750463630608,14,17.172097440556524,0.2894367887212375,3,0
36.49803585562269,14,2.587387461741288,0.2801164019823923,4,0
47.686948717576875,16,2.7608158902391478,0.24383825801284031,2,0
115.71366877429935,9,1.3951181155873682,0.3565171932528877,2,0
85.38320362163861,13,17.110498268336208,0.20438749637607156,2,0
111.82243774645961,11,7.731614557236492,0.2856450680015159,3,0
85.03346184979422,21,0.000942086530038576,0.2448689768338907,2,0
100.0,2,610.922240792109,0.6044990105167144,10,1
52.91232648044121,14,0.9543051465932877,0.22199171506059343,4,0
111.39496153153792,2,652.7377985150315,0.5,13,1
24.285273307511524,15,1.474631138397999,0.27730133622538117,2,0
20.554740468561473,11,5.155214668265648,0.0,5,0
69.46129662768928,12,5.0106911686705295,0.28129142448974714,4,0
30.646407361846272,18,2.269062827196826,0.2110889478887768,1,0
35.209971960235016,19,6.069163619472696,0.3337831020966117,1,0
52.05688924418082,19,15.64314112901883,0.06464401438656067,4,0
25.130149672337833,11,5.944036066046295,0.062327029749637025,0,0
69.36127848755443,22,7.899145954474425,0.18661110734342845,1,0
84.74332620500203,22,4.1683716747723505,0.16317747247589087,4,0
57.796483827452704,22,2.4416438471809485,0.2519864852012269,5,0
79.14712852863066,22,19.097633443567787,0.21694418308596866,4,0
60.15489222483242,11,0.6405717509925647,0.2937391149279786,3,0
96.49803215052619,18,14.308729795770764,0.07197315906370608,5,0
48.11962708180484,22,2.908674493432519,0.32195035687122453,2,0
78.90128387732966,14,17.65937129074372,0.2662481060164516,4,0
31.98083930243585,16,3.8797384740094305,0.34812385485888037,2,0
79.1766334888019,19,18.96057070814716,0.4562527659332516,0,0
12.62783663864036,13,3.6778537620434983,0.21818390372050608,4,0
78.51271514558151,12,0.7830647993099954,0.24244730942479098,4,0
30.87838618080447,13,2.9100304462438418,0.3560949799099068,3,0
27.387915069275312,11,3.988274119183352,0.28647446916408403,1,0
68.1802985403692,17,5.193650417827705,0.2638450935164565,6,0
56.82379803812388,8,1.4588416010157208,0.3882361858513479,3,0
60.234559244499316,19,0.4311547541482782,0.09682829880664395,2,0
97.37638446522175,20,4.688675291518414,0.2961854356204939,3,0
28.227685605396033,20,0.06193047482866626,0.26523887162435666,4,0
142.36642425365713,10,9.720147355824006,0.1997833546772114,1,0
96.93930967442019,22,1.1897338430552984,0.1391413913993579,3,0
607.9491114828888,2,100.0,0.5897820855681554,11,1
55.89664329534724,17,0.9030673846220898,0.19623400564745594,5,0
30.14640605694836,21,0.5598600204040609,0.1915437000856192,1,0
73.45468615331932,18,2.9903163355756095,0.3943603048183171,4,0
58.147365115861206,21,0.4616823990248517,0.08062890123391718,3,0
114.31832267975977,9,2.667200822949978,0.5495877789600099,2,0
119.43975700020526,19,0.995881607381408,0.25623166206232584,0,0
215.18603911138268,0,623.4673751760928,0.7458099476504237,19,1
77.78532642594925,20,12.517879175275606,0.17910715131204227,8,0
18.130888588216855,9,0.7144178218804793,0.1739045167040742,5,0
410.873678161509,0,489.67205205478126,0.5,18,1
68.65429886651589,9,3.7955023796861056,0.3212820985031867,0,0
71.42001482276277,15,3.2528844040104583,0.32522129097598174,4,0
55.14104843569911,9,4.255341468589158,0.09837508255417507,4,0
59.78399066726354,20,5.43338666805909,0.22339474521345398,4,0
57.72651172168293,20,5.712426339158911,0.2229872208123938,5,0
74.91007449632737,13,1.2831881779775698,0.30641141833347135,2,0
24.823474303320843,9,3.527187539305063,0.21897117287255255,1,0
68.68549797042496,13,3.910392579949402,0.41108726370242804,5,0
5.0,8,2.1054059794763575,0.11656358210039831,3,0
55.545083710846214,11,3.6411718125116055,0.15368323869272088,6,0
444.8841409465159,4,824.5608547063571,0.5844912936801334,15,1
33.66851826424452,10,4.180186718569846,0.31502960263013935,0,0
72.72523130141916,9,11.374185323967643,0.0,1,0
32.69324391430554,21,1.2137339060016126,0.021729525655197646,0,0
5.0,22,5.723325362246636,0.15832973997656663,4,0
64.4302769521014,10,12.077457785612602,0.054720410411165404,4,0
67.79303773905151,9,5.4724853686321655,0.3896738181996575,2,0
452.48859896632223,4,601.420073641895,0.7199739003330147,7,1
62.38794362826873,11,2.365354961879557,0.27941400600761795,1,0
38.447531587510504,13,15.266545032169855,0.17862878480041186,2,0
24.08027690960552,9,1.4673069105372603,0.21555224259549963,5,0
65.02751562873142,9,11.788368654440093,0.1261464574498814,6,0
399.5638353516589,2,101.36146744530748,0.6901961659036729,12,1
9.939669238696965,22,1.8786063314678823,0.2157162349868818,2,0
42.422955458205195,19,0.05546456878785035,0.06188902440852531,1,0
76.68892386870311,20,8.484708783861942,0.061654648193134404,2,0
56.330524016078556,22,0.7475566951325509,0.1763763868502083,2,0
34.26439201160679,11,5.613621088026185,0.030004027931697874,3,0
19.875776997437963,11,4.570473038609436,0.22052668936010847,1,0
52.97996916287678,19,1.0613915737590067,0.15253022303629413,4,0
21.80360641017934,16,3.0046344772151192,0.33466658228367874,3,0
22.759277734363675,9,1.640461997978668,0.08983380846205978,6,0
83.09905646049565,17,6.754274135702919,0.15992644308126092,4,0
56.10390907601669,12,3.3214283802668083,0.3396628479507312,4,0
5.0,22,18.01834101210615,0.2757662872939976,5,0
71.52626767387886,19,5.388600781296175,0.35407858119947494,2,0
50.37777202345384,20,1.5608235061041662,0.15774872655779568,4,0
34.45189345179058,11,0.9786536230434755,0.10299960324909573,2,0
44.43023070008549,11,4.51059255157866,0.09470349215996932,3,0
11.301173007768384,12,2.6125675559048753,0.07685312514057917,5,0
84.89491256464879,18,0.6660232695408157,0.3058504300451178,6,0
5.0,21,2.573558529780538,0.14119614215411253,3,0
65.58039542723517,13,1.6128850910073096,0.12179761348925605,1,0
49.429513762919335,9,12.795332254404348,0.2187164020486162,2,0
46.78908920136327,15,1.6178707131566594,0.2460329873179814,0,0
52.09406254970057,17,5.438984994164921,0.36692287546403024,5,0
57.25886814698102,18,2.0902789600071263,0.23906131777293618,1,0
17.873225058166632,18,1.5103473823155538,0.031094155067110385,5,0
52.93028295646495,19,0.8502763081208464,0.19453873259419074,3,0
34.07393681239038,14,5.005759973254879,0.3611790591312396,3,0
53.876635459256825,8,0.127317084089209,0.1716732491160533,2,0
5.0,8,6.995628375563046,0.23495949993602971,2,0
59.80782121292488,16,20.031309443050947,0.09826663432452265,3,0
478.86143330991894,0,628.7340395387337,0.8009267241852104,18,1
16.80422273774989,21,3.8502219928587333,0.02394214057583971,1,0
26.093142335885695,22,11.69665226784328,0.22094469322964175,6,0
68.98345598318855,20,1.5279797523137675,0.27260034325676685,4,0
37.193567901577396,17,1.5236368929421396,0.2304636296348051,0,0
50.39005675633721,13,7.627435592528387,0.12945743519208242,2,0
53.192906830756904,19,8.48266943184752,0.0,3,0
38.85677402012625,12,0.2294530917152472,0.1706152963652894,6,0
57.44661758901008,11,1.6691777079580852,0.2577025826668453,5,0
28.072098801742428,22,17.795056232184137,0.12164778158646178,1,0
104.94376297563062,21,14.690713050012787,0.10606732621340603,1,0
25.379530449448687,21,23.890723139595135,0.23254317585362977,4,0
102.96362720843291,18,10.662135216266952,0.36835464987784505,4,0
19.636868742194974,15,1.584310250239355,0.3126296559324147,3,0
105.401219772081,15,6.60349180642517,0.11278463208067051,1,0
82.74520555767386,18,10.59559917575938,0.2733989227418566,1,0
26.979573113358516,8,7.388929183321862,0.2948121439100645,1,0
5.0,10,0.7596967935486664,0.1114045686705404,1,0
5.0,10,3.3140752998351557,0.18314933690651317,5,0
123.89726337455858,11,4.96179473963115,0.18168217310947715,7,0
36.67120219771665,15,3.7891381115648173,0.19631864938217175,4,0
506.99988842537607,2,634.2058018010542,0.5969172269109122,17,1
23.04755985954926,13,1.0609605731835303,0.24049140989591297,2,0
45.16142865001973,21,0.718218818126195,0.44672037108124923,2,0
44.22917105656632,13,1.10857459756942,0.2503284668816649,5,0
53.47023902878576,15,3.0824333718666397,0.34550605824817693,3,0
5.0,15,1.4649799957359153,0.09448215278968418,4,0
18.94273032741878,19,1.8723699267944427,0.06504511518256303,3,0
65.43316502176248,16,1.2818670628846107,0.23448970082499193,2,0
28.93840718367943,20,9.419896359084856,0.36216000997663217,2,0
104.26385371812944,4,885.2168739622819,0.5,9,1
65.39802299340069,22,1.2474545082053836,0.26308158491446193,1,0
25.235084096224654,20,9.577370983985423,0.32914035482160087,4,0
461.12810834140305,5,106.67418128924271,0.5290286394908847,13,1
308.6714425487859,5,428.26188196941166,0.8102319548846293,9,1
401.36061875190114,2,866.8927010385004,0.7575829639126348,14,1
106.30387437674199,8,5.37679971220916,0.12512164113559837,4,0
60.00986315860845,14,10.488506722018867,0.019125298435774762,3,0
48.33245987268635,10,0.16595218260900751,0.2007996899617266,1,0
38.23675540603527,11,7.853337314722969,0.2933783912872343,1,0
36.028107392892295,21,1.289692812375332,0.26720605190937674,5,0
5.0,20,0.11140780409011192,0.23411273134397087,6,0
13.669514007126303,8,5.325148879928824,0.24107306632690934,1,0
40.966889132321334,18,4.280252690251994,0.21677258220512205,2,0
46.53055152835278,11,13.4952595726546,0.09928163061939604,0,0
68.8503652779284,14,6.024065110125285,0.24540138017167676,0,0
106.90378947961841,19,2.1912951966888743,0.2251787706893939,1,0
44.289839657491754,9,18.14501955945284,0.09961089207811608,1,0
34.47166102891486,14,7.1899680514623165,0.24296249406336748,4,0
20.63708852653078,8,4.919853197927953,0.0,3,0
64.79953702642668,10,2.075826216983984,0.3905941348457565,1,0
7.538877738487571,18,0.9733098075692332,0.19015610138443678,2,0
21.052296182596866,17,2.075891682443007,0.07039763797486079,6,0
42.06029500286132,12,18.646601272904483,0.311451628421846,1,0
10.865914984854406,13,2.4774553862020903,0.2350341779228397,1,0
96.53455926567568,8,9.902033658443894,0.10950853479439895,2,0
44.69158317517852,12,1.8690988288292432,0.06180046774068093,3,0
35.31681672445333,19,5.170732122864523,0.235973676435746,2,0
71.65016192129706,11,5.557621526779968,0.15893653080191988,3,0
93.6060223147195,12,1.2928331371700472,0.2062315645430537,1,0
35.92473043685885,19,1.010675439464433,0.23786662342514117,2,0
227.37722772918232,3,231.75756835844686,0.6981821666433148,15,1
11.697542725390718,16,4.66816803930843,0.16986535503084488,3,0
314.9385733186521,4,738.8472198126349,0.8204074846763565,19,1
13.336165733241636,18,6.336857295789797,0.2935392053798128,6,0
34.22734934957717,19,8.797479175379111,0.07499315107936058,4,0
341.8802723995847,4,122.64307036379978,0.9380740960142419,20,1
9.449461831509993,18,0.9053817441060616,0.3278329470318716,4,0
28.769916031436576,22,5.82190358723917,0.1465284392189355,4,0
80.18878427643321,17,10.064020408706726,0.10117311418231911,2,0
45.58827855493584,17,0.2888665028943468,0.24931720032017213,1,0
33.13137412277082,8,1.3659731680790042,0.0382166094441678,2,0
19.819478555008942,20,15.010034885037726,0.15822202025682203,2,0
24.249266594563593,19,2.381398638541948,0.22432445698556272,3,0
70.5878057112354,9,1.928752368423451,0.31377062027147784,2,0
131.60507499768858,9,5.503327946936278,0.31139486332156613,6,0
238.68659102420037,1,298.28350839492435,0.9460341175994132,10,1
52.02584614063772,10,7.715348068300093,0.12110592312409298,3,0
49.444605920228305,9,0.06746626145203335,0.3054128676018979,3,0
42.35068347737434,22,1.6743037910916836,0.41880567592886275,3,0
5.0,9,4.475175698098301,0.4267180195098223,3,0
25.333388133007055,11,3.278351480665343,0.22560548642832595,4,0
5.0,20,0.09054327508789524,0.185839018984419,2,0
45.32968293823762,16,10.36637195407601,0.0774232183242398,2,0
26.966073046876147,20,2.1806067823412394,0.17377039878101674,4,0
81.6140615610471,13,0.893742547476313,0.11810033098413232,3,0
5.0,16,1.3340696521197861,0.34354357858393525,1,0
40.17013560206695,18,6.442526638823699,0.1378372825964097,0,0
61.833564271348905,21,0.6896981130459219,0.11530876716830209,4,0
60.84908075142903,20,4.613470496745605,0.2738080374909651,5,0
106.460734894251,18,0.9005680326361293,0.18168060817780748,4,0
113.99100123968799,17,2.452448983674687,0.1417888406209572,1,0
54.99356624639168,15,3.596453992256432,0.1121729926326634,4,0
95.07071156288085,21,0.8814179778398228,0.2069548087757243,1,0
56.967610914830104,12,0.2450627515460369,0.4407377583931219,2,0
74.65707513125672,18,7.017274713089108,0.21994879422774133,3,0
55.87535765293045,20,0.3488116664419994,0.05130640274728823,4,0
60.99794738290545,19,2.3255395078417345,0.205402072604749,4,0
24.59618845794785,21,0.6689918294811602,0.22817350638293743,6,0
6.924135464616818,14,3.486280186696435,0.2744584027199679,4,0
5.0,14,6.801647641000815,0.42567513964341175,1,0
17.55355989156815,21,29.177703626837737,0.24270973167916676,4,0
14.93965887141404,12,2.321368922222594,0.3195336118002816,8,0
426.7371063946119,1,790.0428712952357,0.7511251571099435,21,1
42.83155859400771,14,0.5992313606411528,0.2569079259535643,7,0
93.60153431353103,16,6.561838274474243,0.23578383486710236,7,0
35.670276597046495,20,0.33332401369372855,0.17251012421143838,4,0
20.28391024607935,20,5.273608365842048,0.11341335628709409,4,0
48.9586469088427,16,0.217843447882432,0.11409120576359305,3,0
91.00622802333574,11,6.595706953815967,0.30742676129098667,3,0
68.47806820832791,9,1.4832389116375633,0.21037971810960937,6,0
40.723628724463566,21,1.323418590983834,0.29016109145684077,0,0
103.87633019286565,21,3.235932542708175,0.25279026489428974,3,0
426.91271743111656,0,100.0,0.7985124355717507,11,1
26.809706484336004,10,9.589662805768498,0.1760101082919839,4,0
36.79866539909049,22,7.0583615292582556,0.10966565137030021,2,0
36.180836871206374,13,4.66173148245724,0.08769394398554482,3,0
43.59658544864458,10,0.035270125254132485,0.3927569385178195,1,0
61.559521391865104,20,0.8517975627240998,0.19552351926134925,1,0
124.15906110973643,2,881.4737233968158,0.7273499219875263,15,1
48.95945337839657,8,3.066751049871927,0.23734811877321607,1,0
57.68089202941627,19,9.893186768739316,0.31408554956216556,1,0
19.268370759971305,9,8.939249687491973,0.20863553155003708,2,0
47.32639881461635,16,1.6594301376743361,0.31714263477638727,3,0
26.66549937227374,13,13.255516573341936,0.24966647342273748,7,0
49.372952181075554,14,8.718581281675416,0.16465045537983133,3,0
57.31061634475737,19,2.8562444476863784,0.167676203547791,5,0
311.11738804269805,5,566.656021070651,0.5,13,1
58.90954019699558,14,10.70485908676899,0.13337612757417727,4,0
67.60571281400811,22,9.999840228144086,0.17310054926966587,0,0
75.01766463646712,17,2.3133289758060855,0.3636825690112449,4,0
59.72251908184385,8,1.9101941522984713,0.11297324498190264,2,0
45.20184410109719,12,2.5444377627304626,0.19517939185129377,2,0
100.0,2,693.7916488458611,0.9313879531128664,17,1
5.0,12,8.718624979139298,0.3027677674801032,4,0
41.74844908545068,16,4.5579170108926315,0.062395773621064576,3,0
87.13448935920385,15,0.46518517476571764,0.05561104225360866,3,0
34.66352970706444,21,2.946153545724688,0.23056292304581544,3,0
52.90987894978154,17,5.7903987835836,0.19513931051271846,1,0
7.630888959941252,19,14.270036869311106,0.26362931684386104,3,0
23.16178093341488,19,5.656514065646841,0.30080019472450453,4,0
62.88854657397758,20,26.35153965406844,0.3434466869346054,2,0
87.67268376720563,15,3.5407596150979797,0.12944459082217502,1,0
45.72861544936119,18,3.979651289116854,0.24356749109059114,0,0
38.46333367310524,18,2.0804575391720626,0.016149316819744963,2,0
26.28576633664064,13,0.739738477308896,0.18695401309606352,8,0
10.154418533047085,11,0.8349454091905708,0.04350866307807305,3,0
74.81549747108072,13,11.458266516983969,0.11011868119650983,0,0
39.96496292477155,19,4.082705798725675,0.27460881195396847,1,0
37.394395487124285,18,6.20464883098705,0.274692346907106,6,0
95.11978965748065,16,8.524423898475458,0.2531990607611804,1,0
21.51803333504171,9,7.1754658494141585,0.18208502423365716,5,0
33.43330867157086,13,3.04383968411151,0.2519614459847802,5,0
58.79217419896044,15,0.19381769919940453,0.21725941039148663,2,0
67.6495161945373,9,3.5678690800316195,0.177987631971003,3,0
76.08817760316981,16,1.5583486171002732,0.19733633555548366,0,0
39.45459547876074,16,8.744622199111184,0.1992484635729222,4,0
50.782731506325014,17,0.5205488111063404,0.30587438299148095,3,0
59.427419977858214,22,8.723027735804484,0.12444966654002454,1,0
33.01106811191684,10,8.32173943213004,0.1280756662037034,5,0
25.453379502995823,10,6.8761705143410214,0.16451926498157798,2,0
35.47297781401246,16,8.44019787423806,0.0889347803750314,1,0
49.2762473866999,18,9.287080679862655,0.28604560484222036,5,0
100.0,3,507.9680314590206,0.7222080301941813,14,1
36.60455143798937,21,0.6049469227856185,0.18298203334934485,1,0
59.046420270008376,10,0.33399432813105656,0.2813073631629499,0,0
53.281843838146784,8,5.928216702304398,0.35460901682347074,3,0
26.78632402689281,19,1.4538157360539632,0.2154608429520778,4,0
68.77002043295019,15,0.05241224397094305,0.199517537809487,1,0
33.19456879409091,20,6.850633009085254,0.15357789025667742,8,0
71.00929638226974,14,0.03366503102100511,0.27176907414394635,4,0
33.65242739573151,8,0.8380804621997928,0.22395888807241687,3,0
72.29792282068145,8,0.44083684560778186,0.13973141521722113,2,0
71.38995290517164,20,15.399171534142663,0.17959067029844134,2,0
256.81035077316466,5,663.8047755053678,0.9511616620971148,20,1
20.67334265604347,17,6.729051092279599,0.09079542005490407,1,0
600.6644997643502,1,713.7069479880876,0.7224844909896428,14,1
28.40467374815874,19,1.882403892042975,0.24274559249951164,5,0
100.0,3,483.83240179605957,0.5,14,1
64.21498762735362,10,8.100739251299633,0.2025426702611635,1,0
33.335686425192364,10,4.135812868867455,0.2828709435219917,0,0
25.525691451036852,13,0.35593799347513266,0.2060608835674933,4,0
19.615066389967286,15,3.563936422186178,0.24473993464667926,1,0
48.49285671652589,11,1.4008183052682008,0.14348263683940213,6,0
60.30854868705384,17,11.426753671680467,0.10357053602436318,5,0
339.6253222559832,2,738.8142722257253,0.5858872614386941,11,1
545.8736628719716,1,371.2862156401261,0.5947983525141298,6,1
72.66173677477268,11,2.7246594979098075,0.12194599017706745,2,0
285.8373380098961,1,601.7267482414355,0.9758618671101507,14,1
46.162472255577,12,6.730185005921103,0.08463760097173241,1,0
12.865535035194526,19,1.0003055615788885,0.11557209814770043,6,0
39.09163363358432,11,23.70107174486932,0.1871814530414233,2,0
56.71363854916696,17,13.243536566996728,0.33651487618920817,5,0
82.66851790902098,16,3.877822582532093,0.32696788396021337,2,0
15.470192677330914,14,3.477279209163777,0.05226719590938603,3,0
487.8626877696939,5,176.63815591156242,0.9831832714911717,17,1
8.596956253553259,12,4.106974307317302,0.3459107157301978,1,0
333.35210397788563,4,550.0344333207493,0.8520289696299495,16,1
70.70431975133337,10,2.319766597812275,0.06545151637477778,3,0
70.38793246804028,20,0.4818435816877039,0.0676728976894895,0,0
5.0,13,0.11579979152872216,0.42187396772008423,3,0
436.12700033877695,2,484.2465592635751,0.7276810868308121,15,1
114.5954737253467,22,1.893065760679076,0.2264644005121289,1,0
32.725452780659595,9,3.536748846343389,0.1247155230614276,4,0
408.31302063451005,1,370.98859837170863,0.5775278008407521,16,1
31.30578420725707,17,3.6953707646465377,0.22134530192798108,3,0
5.0,19,2.660887524390639,0.024180699272402822,5,0
70.24458476499811,12,0.17534526517534732,0.37274827380309883,1,0
55.195427775535464,18,4.792074730185483,0.2953671678165781,0,0
92.61512743969564,9,12.550181491615556,0.32462673431229844,3,0
31.616339285468413,11,27.76340315404375,0.33493250629458443,4,0
66.88907710071713,22,22.14163749278381,0.2779755496288821,4,0
188.16848857542556,0,396.0316886879399,0.9157950460278605,24,1
9.666484668971691,16,0.7099633223844934,0.30907235861498344,4,0
84.31262129620788,18,1.2323371455939713,0.2863879821668837,6,0
336.64260967376725,4,656.8452613980629,0.5204318741256193,8,1
84.75786737022213,21,3.0989904648045603,0.3470320772036486,2,0
283.09553819657543,1,100.0,0.6709081897785287,17,1
29.599258352645275,19,2.9284022097314217,0.1380065812595104,1,0
34.51865815347878,13,0.9216395764434987,0.25854907437496166,7,0
211.98274394947452,5,454.3208499747515,0.5,14,1
128.97146194512172,15,14.653884883292477,0.07319857926166237,6,0
49.204583736523496,12,1.9541170756413129,0.1365093080257585,2,0
51.928400572863886,20,6.50879514172671,0.33669904326788436,3,0
71.32879904610475,10,0.010530296814115912,0.23728329917986324,3,0
25.931681923351434,8,1.4289543609274191,0.1660085494230783,1,0
102.66022527329613,20,0.5935569216896331,0.37635574400067184,2,0
52.02555444230327,15,1.7165910028876676,0.41365591288027254,0,0
22.30300261667287,17,3.583935949118624,0.16449513556278486,5,0
36.21917301379268,13,8.701572962128912,0.30510951206993303,1,0
55.33103002799761,12,2.516224385136305,0.2582167044480058,5,0
39.719372177589534,11,5.62611939763689,0.023507961585515713,1,0
72.55799098060322,18,5.193564921565877,0.24436139226821785,3,0
68.35028866522603,15,5.487667641222704,0.13843713255024354,3,0
60.393446284909274,20,22.230275389672514,0.2149931670063391,2,0
51.40941781294226,9,1.2900305980581885,0.211924332929589,3,0
175.73020735900064,1,1111.3572650710091,0.7998097670965947,16,1
65.41357852736627,8,3.4263696671570814,0.2623522102950759,3,0
55.94254282303565,20,1.6767205167313082,0.4077379995591244,5,0
61.47229238552152,13,14.890654757299673,0.3002650912987828,2,0
126.80253614806384,9,4.531563915223242,0.13526845916699629,4,0
35.91576842195144,14,0.867625916590504,0.41094445946424596,5,0
35.63754135009568,14,0.9750339275136998,0.07826038810107341,4,0
56.26590785014266,20,1.9469351139761926,0.24253024042278618,4,0
20.428218609933687,19,1.033419388687295,0.2587137684212848,1,0
83.79695088643273,14,3.215012722235927,0.13444210026704212,1,0
80.97395781653441,16,1.8620543190348349,0.15264287662286918,1,0
68.31110796300395,20,1.177611735044157,0.3568934495677496,2,0
55.60300293431235,17,2.3105926697932713,0.21574479249607667,6,0
100.29311936825849,16,9.14608905777148,0.1955045413227617,1,0
90.36260138464934,10,0.9351546116868331,0.2651161460652313,1,0
62.24758267143416,13,9.547354281752012,0.3516946789708645,4,0
65.21822093321893,19,0.4705213845431617,0.4025807091911251,3,0
5.0,15,9.16178182924192,0.15699007962380546,2,0
69.63096969062173,12,3.7247267752601534,0.22926513874005983,4,0
59.21898562629828,10,1.9438365100209698,0.27342182187081965,2,0
59.96942035938775,12,1.21730819624334,0.4045817288088286,2,0
57.5147855103763,10,0.558533494667072,0.23120695977949676,4,0
47.89502865624059,21,3.212331438849882,0.16751676263306808,4,0
39.926459021296154,17,0.014626535816148804,0.09007717496418564,3,0
83.26110741748724,20,1.119788271804443,0.2653501952055862,2,0
52.597693624186995,15,5.260101945403078,0.11332770253715468,3,0
67.51784555977892,11,3.7600092641064915,0.4023600567542476,6,0
100.61424905217694,19,19.506023141963155,0.03353902649662335,3,0
10.386301607471708,9,11.008765303080049,0.315323857854524,1,0
12.891478673657545,21,1.2871527895648174,0.23712128680568303,3,0
59.234053066761774,13,5.935289583218183,0.03476329842961906,5,0
227.58078993903604,5,417.1016599559666,0.7494029210732588,22,1
80.4311019505439,16,2.4244869242790963,0.19380472539019034,2,0
45.66918764228173,12,3.1074076674248934,0.34212829829524993,2,0
28.44667336242692,8,7.575483360184072,0.4289805797460459,3,0
56.41939732202666,19,4.080193370186784,0.0,2,0
13.574341616368038,13,1.1341038172392288,0.29422381514973617,2,0
64.19712873720634,12,11.307916247088343,0.2654654162908008,5,0
7.944468116231576,13,0.6802428628267022,0.1511402418007336,3,0
85.67049593322656,13,4.653917522191127,0.4035032701365911,0,0
5.0,14,3.3508130949800097,0.19634041374374486,5,0
55.539015755969125,15,3.420462525322484,0.21311020906859182,10,0
601.7880528480425,4,516.5081253564396,0.5,11,1
54.61175317836584,8,0.5872102562522861,0.2402821721082977,1,0
94.88132934467549,22,6.688773505292856,0.23559771239597457,1,0
38.44059209414719,22,0.00940826361775102,0.4434408633237682,1,0
75.48806291063073,16,3.333477285381071,0.15189264426155158,5,0
5.0,14,5.756176105432347,0.21736766461385262,4,0
92.08382932808297,19,0.8081129974911667,0.1890891482347431,5,0
64.47417245729557,20,0.35884596461860263,0.12806800098704474,2,0
82.49153729525831,18,2.460451150945155,0.22859186604759826,2,0
5.0,11,6.946083274306854,0.11686005327325466,2,0
35.751640665171315,8,8.349980942752717,0.0914543923103784,7,0
27.54540390330339,22,0.5132792729848477,0.27710389199532554,2,0
126.43305321411603,0,521.8842135817347,0.951466932429391,14,1
28.904707246223378,17,3.7866724956577134,0.22490116763645238,2,0
478.76479102835344,5,621.7410150607253,0.9209873954002707,19,1
57.026441976095626,19,0.19360831760357067,0.12912149197534606,1,0
39.221237276388216,10,7.884708751658599,0.17178999799627143,1,0
34.895730376514024,16,9.815060901026744,0.2135753879917665,3,0
52.199539015652114,19,1.5664282957463562,0.35064217220015803,4,0
50.15731099154549,11,19.691019262234477,0.3705642942525445,2,0
66.79371343793119,14,0.6965849563419777,0.11798782799037905,2,0
71.23255806366427,22,0.9157679129889996,0.2810080651909186,4,0
64.17792447239128,13,3.9102675978163104,0.06422091047421233,4,0
277.20517532584375,2,547.8626980991653,0.6082678065648667,16,1
52.456224181589675,9,4.080114597217871,0.04543498603000415,2,0
100.07064575868179,16,0.20289118880553964,0.16481758276627784,3,0
338.56156767939785,3,622.9215898307276,0.8684351130297736,11,1
20.72380241068002,12,5.188628060246168,0.0679176226121043,2,0
56.66401314901138,18,6.172395877106106,0.19239032313880408,2,0
385.412931254342,4,230.32280295832385,0.5989851223179284,10,1
97.7955987991819,15,14.79298406625026,0.23157358988773571,3,0
49.006190813786084,22,1.2470878537481513,0.27012555591767273,3,0
32.73086521286678,17,2.4377798952068406,0.31841725276601457,3,0
60.25267927331478,9,3.4108495720169425,0.26714806010069175,6,0
100.0,5,339.6213504042878,0.8121000477332428,14,1
25.07149650766887,19,10.59390292956034,0.2125699822176984,2,0
7.095758661181023,21,5.671904472571355,0.16346370092272688,3,0
81.96441125196054,11,7.625215662213124,0.09080245253338455,0,0
49.01915755717721,19,0.494418291089827,0.41056770663406317,1,0
18.88261537020631,21,2.3823393975747873,0.20424825389231754,4,0
51.80690629823079,18,8.987983341515607,0.2291730377253408,0,0
84.77989410092744,11,0.2070209111717446,0.1677435215898023,2,0
51.367155197114414,13,0.8165733342396507,0.14427196996372993,6,0
110.3061361629905,11,1.374700576731612,0.11236152665546967,0,0
12.660358900657492,17,1.243751244713648,0.318004536881117,3,0
5.0,22,0.1505861394440453,0.2114346891303689,2,0
78.7781247825562,12,2.1226314750840274,0.2702953791906868,1,0
666.0476710466127,1,501.95542249367213,0.632619647454808,17,1
16.318339353131044,15,17.46783437756008,0.1736254612151395,3,0
30.451989571825486,14,2.095667755862838,0.05431621306066775,2,0
82.42342176663865,18,9.023622862104475,0.006423445278876144,3,0
16.682724636025135,10,0.9028391134519066,0.18434929691646273,8,0
40.69199730219632,18,5.074388759766137,0.23118141834772607,3,0
43.07196409373966,11,4.871184428863523,0.12068746548328502,5,0
71.34844634266669,19,9.383931548284787,0.3765709266450403,5,0
86.1952689952507,15,13.830332468155147,0.15716547602941383,1,0
100.89369104870114,14,3.487318516390264,0.196312043865621,6,0
59.68155681014268,9,0.22809924363006398,0.29674877492386387,2,0
63.314582844386855,16,2.3520978142119424,0.058129146245252644,6,0
65.5297706140737,16,11.020582849036021,0.2202054616025646,4,0
46.22639239701056,17,5.102780919688556,0.061110844582692087,7,0
45.25976304263032,12,17.662149631851726,0.0,3,0
97.58050448436056,16,0.9129186629243455,0.3366836460605446,2,0
76.16961910162034,10,0.4519468933421795,0.12714549776799933,2,0
27.22602015338906,21,7.749081096976928,0.1441005272118002,5,0
35.842044026317,8,1.5689756720781654,0.14508530229542826,4,0
177.15643161140514,0,602.161417211727,0.853606304025678,17,1
80.95533618405905,13,4.373158552768186,0.35457122976592176,3,0
5.0,12,2.2603716188331213,0.1403604782064515,2,0
7.776086768703344,9,12.005964079072463,0.20099310197332712,6,0
35.38623848705912,22,5.272994988151549,0.23534308664864126,4,0
11.147636838091515,20,11.104104675801663,0.3307484189543345,2,0
352.60293635394964,0,401.63801105991286,0.7546076216332493,16,1
421.20382777099644,2,320.2047970117617,0.8659886427693685,17,1
118.63679068031414,4,100.0,0.5957729208413896,16,1
56.71652072837394,19,3.1221486064156743,0.06028420017819225,2,0
32.87761118751571,14,2.249186415799343,0.1437909674695806,5,0
36.13174133884873,14,9.117774595006857,0.07001057207036751,3,0
41.818292907569884,12,3.171013019612538,0.16420561685986856,3,0
58.67505931723454,10,7.024761140133007,0.22325949082278165,5,0
35.3718132778252,10,1.2856374904785541,0.2536377852601704,5,0
187.8088045223136,0,177.2003972645624,0.9037313459826601,17,1
73.12595581660901,22,5.04051040491623,0.3334350325949299,3,0
81.59458559998711,10,0.15713159519648512,0.1961788972528679,3,0
34.9472886924639,10,4.8123497626444225,0.16912788467214923,3,0
65.14961836941372,9,10.483485491247595,0.015967096376582807,3,0
77.72081057620703,17,4.535682783160306,0.2591984685124553,1,0
69.6966082590149,21,0.18109462374251406,0.04062829846489671,4,0
27.102225303724495,14,9.281084413289904,0.0,2,0
13.374690500869335,12,8.538976262639205,0.32892698627156364,1,0
75.07076336195425,9,2.234388102955023,0.25726081079140994,3,0
23.3145671112343,16,8.875528277253848,0.29034490360911,1,0
127.20079409749582,9,9.625402910688965,0.2389600394794567,1,0
74.61446543592092,14,26.152024181429216,0.16226784898817395,4,0
64.14246669159212,9,11.24297364400752,0.27389154710436836,0,0
123.65900419732682,13,3.3856910544370065,0.17802495041572713,3,0
100.0,5,490.46864816097343,0.7270458422353363,16,1
5.0,13,2.586716288783379,0.33511359132612295,6,0
6.094551556036443,9,2.5942757808047903,0.1674637121648585,2,0
40.21929403496477,21,2.736100034131895,0.004155845786536216,2,0
26.22437784701898,9,0.4922385470840931,0.27828371647378924,3,0
31.255442669129636,15,7.12207972833628,0.15623917432430337,4,0
74.88216743550467,16,4.095647772359108,0.274908984425307,1,0
39.1710150254276,17,8.847668220808618,0.06421775379624459,1,0
108.94175398749168,22,11.363089658262355,0.2768179564462847,1,0
57.63262529903639,11,0.9261152323708928,0.3556049439477057,4,0
67.71964492076928,21,23.306604064444407,0.07818920284506783,4,0
65.4510580162598,16,5.6347852985284295,0.2031022936999807,3,0
10.393003789380735,16,1.8458978912954638,0.21130961378202376,2,0
17.56830378775213,9,0.8219227131841074,0.13215145949749207,2,0
90.61617122496239,22,6.364971946538313,0.07124809739407015,2,0
48.950345285091146,8,9.217054509581866,0.36281495457568586,4,0
30.867800472460523,19,1.8008873408898671,0.0,4,0
42.895441797799734,17,19.174679953865606,0.30479129691305784,3,0
42.97539875829992,21,7.753533958853458,0.35396068480015147,2,0
31.19098826636698,9,4.101363613631819,0.2206646438098339,3,0
42.212259459091854,19,4.632610434078611,0.26392695378569175,4,0
232.6725834275891,2,338.7869677335366,0.5,14,1
58.399058789594605,19,10.145700935680892,0.19329928580564898,4,0
99.9642333338773,17,1.282720376769749,0.2701849285492093,4,0
67.3121638154162,15,1.324798604921592,0.13306139472288653,0,0
44.48049990941963,15,12.04721346484759,0.31698009525885507,1,0
64.68123683683754,21,1.7600551922557928,0.1740608244062744,0,0
50.153403699273824,11,3.7275170084663656,0.26481372699075334,4,0
36.96511317703053,16,2.2017243317892543,0.2851069214020614,8,0
60.42745116085013,17,1.2170588868728747,0.09280250837258208,3,0
43.426984135734074,20,4.855642254936876,0.2032401441369674,1,0
17.971387118522166,8,7.843879376412155,0.11825981889112791,6,0
8.04297278542576,14,7.126889548787613,0.18958758457754776,2,0
81.71366678656747,8,0.7494539737780366,0.16757751810017096,5,0
49.59508325786198,19,6.390287143507564,0.18632167250305712,3,0
68.62016292652034,13,2.673459388893671,0.36076409211162175,2,0
43.58033467323473,19,5.708996215020497,0.3344676120102133,6,0
60.7336208104485,16,2.3579675817640138,0.36165704941174165,6,0
22.417272972985906,19,5.374852059645732,0.07937286907171984,4,0
61.270940550370156,17,2.530673030979691,0.22577608828601112,4,0
125.80797277620864,16,3.745690942250484,0.20799764947780708,3,0
28.0890010484859,11,16.780605115268422,0.1392473657653524,4,0
76.44919270848351,17,5.337516423933524,0.3626142798783112,3,0
68.97223217166562,10,1.297007143921861,0.2041722711215698,4,0
115.69408799653017,15,6.592220371649164,0.17541500210220035,4,0
58.42975603205098,13,6.426000445780909,0.14062046777436757,0,0
85.37891552191479,19,6.917166543098714,0.03449370076668132,0,0
7.774649158465365,20,2.994615396929002,0.3039395053042138,2,0
64.75757514519518,20,2.0644362106222287,0.1957664341801763,5,0
64.36939477239176,16,10.48759813648376,0.22662837304486305,4,0
23.731452398457286,16,2.05369873691718,0.285605922349704,1,0
74.40551652109009,21,1.6381313862575542,0.29557079561210825,6,0
16.809950779819154,18,13.779576409804184,0.2207649335404092,6,0
5.0,22,0.1697677743790245,0.16603983655116328,4,0
48.37115400446564,19,3.2025018009179456,0.3162200789040752,3,0
52.989540952629234,8,4.7606429122247365,0.12368511768562858,2,0
597.3863543860414,0,833.4994264676186,0.7840534420959198,12,1
5.0,15,2.8591227889595388,0.34475869245124285,1,0
79.52967195429751,12,0.29737575161495855,0.2042932245214413,4,0
356.0084522119919,1,541.4604161212077,0.5,12,1
74.37577467182594,11,1.6269378619313113,0.012043937198997823,5,0
93.409336530612,11,3.9353957856111155,0.23130497099131464,2,0
5.0,16,2.125700247488559,0.18635525366458286,2,0
105.97323533434269,17,5.379885065021632,0.21516188273606304,3,0
72.1539973998623,11,15.770462593611558,0.09154662067079487,3,0
52.321049229428546,9,0.4882322092324689,0.1319048924193246,6,0
25.751051439345456,11,3.9739130341143483,0.13857633814513032,2,0
47.81513262029382,9,1.9446294662776922,0.21846527759046008,3,0
47.1182030082605,10,0.5338070078420312,0.22189925233339924,1,0
26.815243563872848,8,1.249127930842529,0.12709208368973013,2,0
56.230630614893336,16,3.941479200448188,0.22571306524186213,5,0
29.69233999082124,17,8.720586030097925,0.2560306441323106,2,0
49.50731311781744,21,0.1551290929509948,0.28645299085407955,5,0
40.358424750410194,15,1.2779549195674746,0.0,6,0
31.65446591024155,15,2.495920132302668,0.36083893113571924,2,0
48.291631288367974,11,8.574342961637896,0.2659721199656394,7,0
55.125963143838256,19,2.5488704540587697,0.2884242305773811,3,0
29.212712142180372,10,4.608346402501863,0.22363259027277754,1,0
81.47027677510668,18,2.5895846189000653,0.3041852143748029,1,0
77.53585841164329,18,10.593677102732965,0.3688793913309905,1,0
50.553017991961795,20,8.25188888998752,0.22337471764229103,3,0
51.05790655915186,22,3.671830886579494,0.1666828335169073,2,0
26.213815032129673,8,7.083394347476686,0.012255711476389097,6,0
100.0,3,299.50902898566676,0.706874352206052,15,1
5.43318880889084,17,40.79417105980391,0.1250856735306399,3,0
96.42515603990185,14,8.214697952925414,0.3493938199798345,2,0
53.92221731858274,18,9.224863706812629,0.1910774547083336,2,0
66.82353579104704,15,3.993560146107868,0.09012975226152996,2,0
73.61253811227357,16,2.4518091431169373,0.334882942043915,3,0
37.64369101632598,8,2.3861717671870633,0.2222434136969928,1,0
26.65085823793062,18,8.483788572869692,0.21989026621503274,3,0
32.01874931138681,16,3.9384490858723042,0.12986628083972862,2,0
28.86968928371722,14,1.936267973099489,0.19868270114776732,6,0
67.29670889167299,8,8.012144474995681,0.2330142615789073,3,0
92.28042320556739,12,1.7868715536250677,0.20209473655251434,1,0
33.12599672317197,8,17.882265968025656,0.09221258970312747,2,0
62.12152570443615,19,2.711414804363123,0.10076417135094863,3,0
37.757738809353455,9,16.942898212015137,0.20566284518121702,3,0
32.69289033012791,12,6.457753118589151,0.18319065340347557,3,0
45.85207096486446,9,5.566981837137001,0.21452387167816653,1,0
100.0,0,636.6194512934645,0.5078958564821975,16,1
100.0,4,763.5849231805742,0.680409450802965,19,1
112.26202395936316,16,3.260698621985991,0.2648088364660409,2,0
43.40984336487464,21,0.387807104059956,0.18146628771842419,2,0
21.865248802546315,15,13.17754545971308,0.19510348109777764,3,0
74.67634736309567,21,1.1911748485195055,0.22192316677549737,2,0
5.0,8,0.7296919074455072,0.14965644408388,4,0
51.45564883834481,14,8.553343305305534,0.21106824056558263,5,0
70.58154379995318,10,10.283928669257191,0.2507081258759549,2,0
34.09227144882678,8,2.2054949066543905,0.10268846397786797,2,0
56.7227744543125,13,9.314863041909797,0.16076852312660966,4,0
79.05934971598668,20,5.3315533331317235,0.06739049409531436,2,0
33.08826341588076,12,3.097001065632197,0.1779745398503912,2,0
54.40141059299968,15,0.028409630712350704,0.26933246903326014,3,0
86.03641766491835,19,0.13775542813809138,0.16411535830870808,1,0
56.96149812072909,19,0.255635108336767,0.1101139393041407,4,0
28.185884725253942,14,0.5229274289869941,0.13967921038823786,2,0
46.55790675599303,22,4.303958272559376,0.056022578688991576,2,0
5.0,8,2.3975192731866106,0.2792932940485918,3,0
50.63011524898277,15,1.7794013738017445,0.23301668411929674,3,0
72.70965849936056,13,1.6793944319426335,0.1102953569354745,4,0
106.28512517647658,14,19.44906745900083,0.2661422784083347,2,0
50.30699183058761,11,2.433721949882433,0.1519622509019678,1,0
74.6618047998347,21,7.658743940585317,0.28328993285973897,4,0
48.51608871042701,18,3.1441253882379314,0.2094308578928966,3,0
100.0,4,100.0,0.6429539368255102,20,1
5.0,22,2.9934168091617384,0.21372761356782893,2,0
52.46851967826272,21,1.1616089841314012,0.14600123642743099,3,0
27.3094776414709,8,0.6530149848688029,0.3499034404659426,3,0
265.8057689638223,5,645.186356126629,0.8281125506147048,21,1
30.48072292634519,15,11.57814957838039,0.037707241916990236,4,0
22.440441605474053,14,4.4948886079791475,0.3290515418870559,3,0
75.97265582510364,17,2.844044055144115,0.36101715293786063,2,0
5.0,9,0.6816992886399458,0.21331512114242862,4,0
103.83673590553363,16,6.621854329470049,0.21816090662535098,4,0
76.13374110295078,17,0.09082030601625304,0.25301913073429116,6,0
42.79023805525595,22,6.389773557371995,0.24455388465290054,1,0
5.0,9,3.2154663135205075,0.35683392760301247,1,0
61.405935530178894,10,0.795341217880615,0.15558446423672284,3,0
44.45293590671033,16,3.9879145833704674,0.2895008668060121,4,0
42.52891881330865,20,1.8782840744066522,0.3362617026613368,3,0
16.12844686348312,12,1.4931977964687781,0.14926163182539015,1,0
58.11370477339516,13,3.7267824986473643,0.26157007293625534,2,0
59.937902942106916,22,0.416719974098126,0.0,5,0
99.34903140503852,17,8.584489470172212,0.1579604877638373,0,0
58.693245706892384,12,8.106396963188763,0.12426894863220392,5,0
25.02933280687314,19,6.4679645093493345,0.16951959104822611,2,0
27.338512029400324,15,0.13901631686936533,0.1513643106450187,3,0
113.664685910379,13,5.358298662443914,0.2926244321524891,2,0
43.22671098540393,20,0.8822792368791312,0.302770440660569,6,0
74.40528908001916,13,7.27476195704014,0.1853657646345164,2,0
14.063663222334547,19,1.089790175532886,0.32749891193000435,5,0
20.759549893180356,22,3.5522733688342645,0.32919466965668653,4,0
55.9717908672041,17,1.2244483275723976,0.1832803856927648,4,0
274.18781268761825,4,807.222032529829,0.534164814098539,12,1
75.69196382970418,22,3.327810877083699,0.06859326914659603,2,0
54.51181359428623,21,4.896491414014264,0.23400593668608016,3,0
40.72483629594082,8,8.766973701905473,0.3500571368962669,1,0
88.33030465695526,12,5.456017724148689,0.1908825766481437,1,0
94.39832416670077,12,5.805540450694644,0.1969429836582505,7,0
34.79170473886611,21,6.121200828259658,0.23631193416713575,3,0
104.37345673990785,12,0.5561059752307708,0.27384908326063406,3,0
66.41292143510114,19,6.649676122293348,0.025161834385913517,6,0
33.59423176278824,18,1.232763565731041,0.09182525127011597,4,0
5.0,15,2.4911408754114897,0.04752945500121941,1,0
33.69725686598705,22,0.2270153382106341,0.19392685896145068,2,0
26.051082663846387,20,1.4788908889271855,0.22499017091177276,3,0
42.96238599874559,13,3.2853767779967527,0.27558549597599397,2,0
93.53430823385125,15,4.127600193772821,0.18877525330483413,4,0
59.862533289790534,16,1.2996510773513568,0.19384567261199515,3,0
33.39052083958454,15,5.145542945793988,0.028124910713783535,4,0
49.63259681459256,19,4.407154128328381,0.23117018021312186,2,0
40.54192266078963,19,3.926494139928126,0.3049984292571383,2,0
68.42500100130276,11,2.2557188909918695,0.2330290863133141,2,0
22.718376356157833,17,1.546362575125212,0.23673886906306305,4,0
123.37255938850478,16,15.597922868541662,0.21510122905578194,1,0
93.96946306764661,15,10.331112960211378,0.17208915251003062,1,0
34.318309384428815,21,11.529014727376358,0.26024660957009005,4,0
96.14109699397908,13,4.155626117957697,0.2903480708540681,4,0
106.5855770363159,15,7.811286544567083,0.30020852165904094,0,0
93.23819867198347,22,3.177402212876575,0.28994350407557223,2,0
56.08769062553899,10,4.607986249783479,0.44793894187099115,2,0
52.22284341259326,16,1.4751674377514261,0.27225885016201057,1,0
39.71856450419692,10,16.59655847184531,0.21382986897858103,5,0
