date,price,volume,ma_5,ma_20,volatility,volume_ma,price_change,price_up
2024-10-23 15:02:52.256806,102.94385071729053,5558348.410344549,99.18493977145769,98.81463555296722,1.6652863484195988,5482042.267352777,4.3472385688938004,1
2024-10-24 15:02:52.256807,103.28597388623113,2316261.526369596,100.0378174226715,98.98182947826564,1.9310893909048124,4284201.6675484795,0.3421231689406028,1
2024-10-25 15:02:52.256809,103.09732393117042,3427989.064108055,101.14860383065755,99.15148615661295,2.136066725374713,4162859.6986585422,-0.18864995506071125,0
2024-10-26 15:02:52.256810,100.82766057536922,2616270.657223063,101.75028425169162,99.20548964164038,2.1653823336760336,3834968.4909182102,-2.2696633558011996,0
2024-10-27 15:02:52.256812,97.72963705131377,9314068.41533202,101.57688923227502,99.0797951169887,2.1748970729342108,4646587.614675457,-3.0980235240554492,0
2024-10-28 15:02:52.256813,97.51745773152655,1042745.2836392866,100.49161063512221,99.06056358334332,2.187522947209419,3743466.9893344035,-0.21217931978722504,0
2024-10-29 15:02:52.256826,101.66459589355847,2452074.580145271,100.16733503658767,99.22035329824503,2.2576189507559734,3770629.600089539,4.147138162031922,1
2024-10-30 15:02:52.256832,101.28554893366528,3140897.9628973734,99.80498003708666,99.38264214496363,2.2847841153709476,3713211.3798474027,-0.3790469598931878,0
2024-10-31 15:02:52.256834,99.78213030142042,3500680.5574778114,99.59587398229691,99.43216041845356,2.282034459617067,3890093.3598983525,-1.503418632244859,0
2024-11-01 15:02:52.256835,100.73874678423311,3465125.46985493,100.19769592888078,99.58380863428201,2.261959882580931,2720304.7708029347,0.9566164828126915,1
2024-11-02 15:02:52.256836,96.82635263342074,3194445.4698852547,100.0594749092596,99.60143253640615,2.237696765848873,3150644.808052128,-3.912394150812375,0
2024-11-03 15:02:52.256838,97.0285242713731,3014037.22082923,99.13226058482255,99.60443207717654,2.234018905464853,3263037.33618892,0.20217163795236104,1
2024-11-04 15:02:52.256839,98.69088223616676,3688197.758156392,98.61332724532284,99.64159963925285,2.211067764092837,3372497.2952407235,1.6623579647936566,1
2024-11-05 15:02:52.256840,96.88661522802457,4117478.4190915893,98.03422423064366,99.64493199368864,2.2066371793405195,3495856.8675634796,-1.8042670081421903,0
2024-11-06 15:02:52.256842,99.6255616758848,8003219.360664854,97.81158720897399,99.65330035736129,2.2062090476261496,4403475.645725464,2.7389464478602292,1
2024-11-07 15:02:52.256843,100.99918282668024,7967889.034651097,98.64615324762589,99.59554464086635,2.1517374748216915,5358164.358678632,1.3736211507954437,1
2024-11-08 15:02:52.256844,103.87319233309915,3799949.8606797066,100.01508685997109,99.8381249760132,2.348139750877681,5515346.886648728,2.874009506418915,1
2024-11-09 15:02:52.256846,101.1034852058614,2551845.0552086914,100.49760745391004,100.01612964174426,2.2994629677826888,5288076.346059188,-2.7697071272377514,0
2024-11-10 15:02:52.256847,100.7891384590597,2642685.9667495945,101.27811210011706,100.1646236411873,2.2453854339598722,4993117.855590789,-0.3143467468017036,0
2024-11-11 15:02:52.256848,102.71653714920106,1694594.7204105388,101.8963071947803,100.37061989122752,2.2826378162577803,3731392.927539925,1.9273986901413593,1
2024-11-12 15:02:52.256849,99.73492873302501,5265134.332579911,101.64345637604927,100.21017379201425,2.2036572466476594,3190841.987125688,-2.9816084161760443,0
2024-11-13 15:02:52.256850,101.69288985980165,3196709.829178675,101.20739588138977,100.13051959069278,2.1135777205547024,3070193.9808254824,1.9579611267766381,1
2024-11-14 15:02:52.256852,101.3784404690558,4067872.9174424927,101.26238693402864,100.04457541758704,2.019440455877237,3373399.553272242,-0.31444939074584966,0
2024-11-15 15:02:52.256853,103.35328045474468,3862687.175116009,101.77521533316563,100.17085641155582,2.1459879850997683,3617399.7949455255,1.9748399856888739,1
2024-11-16 15:02:52.256854,103.855699210346,2306380.0942227463,102.00304774539464,100.47715951950742,2.2152831210268005,3739756.8697079667,0.502418755601326,1
2024-11-17 15:02:52.256855,106.88130892857355,2168310.6646030843,103.43232378450435,100.94535207935978,2.5247336111450265,3120392.1361126015,3.0256097182275425,1
2024-11-18 15:02:52.256856,104.20715119068792,2606564.825302668,103.93517605068159,101.07247984421625,2.624882039897102,3002363.1353374003,-2.674157737885622,0
2024-11-19 15:02:52.256857,104.94770329780722,4167651.1570968074,104.64902861643188,101.25558756242336,2.76454525044266,3022318.7832682626,0.7405521071192993,1
2024-11-20 15:02:52.256858,101.87339905955551,3139657.152211742,104.35305233739405,101.36015100033009,2.7453639667456757,2877712.7786874096,-3.074304238251713,0
2024-11-21 15:02:52.256860,102.78316988574655,1352337.0986701697,104.13854647247415,101.46237215540577,2.759035864647138,2686904.1795768943,0.9097708261910356,1
2024-11-22 15:02:52.256861,103.51101383519573,1958965.3014827236,103.46448745379857,101.79660521549452,2.5660057031215677,2645035.1069528223,0.7278439494491806,1
2024-11-23 15:02:52.256862,102.97398563265546,2859948.2205639747,103.2178543421921,102.09387828355864,2.3168436255262623,2695711.7860050835,-0.5370282025402702,0
2024-11-24 15:02:52.256863,101.42305631662221,3219687.34758994,102.51292494595509,102.23048698758141,2.1822719277968847,2506119.02410371,-1.5509293160332476,0
2024-11-25 15:02:52.256864,100.81560196499456,4230114.769747922,102.30136552704289,102.4269363244299,1.8231983461076535,2724210.547610946,-0.607454351627652,0
2024-11-26 15:02:52.256865,101.06321159570444,3333823.776826866,101.95737386903447,102.4988188204209,1.7330486573387978,3120507.8832422853,0.2476096307098885,1
2024-11-27 15:02:52.256867,101.69009601782022,2726812.345166339,101.59319030555938,102.5333644799779,1.708291724920598,3274077.2919790084,0.6268844221157792,1
2024-11-28 15:02:52.256868,105.74983245278827,2680347.039672665,102.14835966958594,102.62719648596234,1.8327630904469125,3238157.055800746,4.059736434968045,1
2024-11-29 15:02:52.256870,107.66715425249218,3615465.852937448,103.39717925675993,102.95537993829389,2.1119557040809243,3317312.7568702484,1.9173217997039131,1
2024-11-30 15:02:52.256871,106.4639709304074,4028982.7560668127,104.5268530498425,103.23912156186127,2.1855290031512653,3277086.354134026,-1.203183322084783,0
2024-12-01 15:02:52.256872,107.75866461176619,2772052.728405378,105.86594365305487,103.49122793498952,2.40215063611146,3164732.1444497285,1.294693681358794,1
2024-12-02 15:02:52.256874,109.72974963461657,1907211.8239132564,107.47387437641412,103.9909689800691,2.6102104467702034,3000812.040199112,1.9710850228503745,1
2024-12-03 15:02:52.256875,108.35373332892952,3111754.5712367385,107.99465455164238,104.3240111535255,2.724015769013071,3087093.5465119267,-1.3760163056870454,0
2024-12-04 15:02:52.256876,109.94104903972774,2362117.948615193,108.44943350908947,104.75214158205911,2.9036618529376734,2836423.9656474753,1.5873157107982223,1
2024-12-05 15:02:52.256877,106.77348454246405,3774544.0415623626,108.5113362315008,104.92315178644508,2.9176226450376057,2785536.2227465855,-3.1675644972636974,0
2024-12-06 15:02:52.256879,105.35775284697814,6854211.531040016,108.03115387854321,104.99825446827667,2.908015518863957,3601967.9832735136,-1.4157316954859027,0
2024-12-07 15:02:52.256880,102.4502295674814,1663139.8864070727,106.57524986511616,104.77670050022206,2.9257418715558923,3553153.595772276,-2.9075232794967434,0
2024-12-08 15:02:52.256882,102.06970627754156,5811494.637628924,105.31844445483857,104.66982825456475,2.9860583264329366,4093101.6090507135,-0.38052328993984474,0
2024-12-09 15:02:52.256883,101.1579407366763,4133023.571516243,103.56182279422828,104.4803401265082,3.0860668771404587,4447282.733630924,-0.911765540865261,0
2024-12-10 15:02:52.256884,100.40820720765427,5674087.726482039,102.28876732726633,104.40708053391313,3.1675256162100576,4827191.470614859,-0.7497335290220235,0
2024-12-11 15:02:52.256885,102.11028637191232,2629036.0032368433,101.63927403225317,104.37343635822143,3.1891814745595597,3982156.3650542246,1.702079164258052,1
2024-12-12 15:02:52.256887,102.34660249939849,1586413.1462975573,101.6185486186366,104.31521579143157,3.2162677067723457,3966811.0170323215,0.23631612748616249,1
2024-12-13 15:02:52.256888,104.05000267647098,3576330.684729607,102.01460789842247,104.36901664362233,3.2016174390496808,3519778.2264524577,1.7034001770724956,1
2024-12-14 15:02:52.256889,107.54384059921706,6581956.689268165,103.29178787093062,104.67505585775208,3.1977323806226585,4009564.8500028425,3.4938379227460814,1
2024-12-15 15:02:52.256890,112.20099963505186,1923658.0998942174,105.65034635641014,105.24432574125494,3.475837169639171,3259478.924685278,4.657159035834795,1
2024-12-16 15:02:52.256891,111.9436724351941,2073697.7150798314,107.6170235690665,105.78834878322944,3.634829654957044,3148411.2670538756,-0.2573271998577553,0
2024-12-17 15:02:52.256893,113.20391234778506,4384557.843819562,109.78848553874381,106.36403959972768,3.856602368306514,3708040.206558277,1.2602399125909614,1
2024-12-18 15:02:52.256894,112.91050867759076,2530421.772642123,111.56058673896777,106.7220734109678,4.119973795813223,3498858.4241407802,-0.2934036701943086,0
2024-12-19 15:02:52.256944,115.28179641709409,7519743.012663567,113.10817790254316,107.10280551919789,4.542118905402085,3686415.68881986,2.3712877395033303,1
2024-12-20 15:02:52.256950,117.24588806232204,4529118.339908107,114.11715558799719,107.64190137579362,5.071320630753581,4207507.736822638,1.9640916452279527,1
2024-12-21 15:02:52.256951,115.76503285192128,2281601.900125717,114.88142767134264,108.04221978780137,5.387188020340797,4249088.573831816,-1.4808552104007617,0
2024-12-22 15:02:52.256952,114.63981239858371,2464937.0441370998,115.16860768150237,108.28772292599972,5.576686131708543,3865164.4138953225,-1.1252204533375618,0
2024-12-23 15:02:52.256953,117.92113743631987,2514153.92430885,116.17073343324819,108.76609313136926,5.978517210580177,3861910.8442286686,3.2813250377361527,1
2024-12-24 15:02:52.256954,116.69138000176957,3199611.076713773,116.4526501501833,109.10360967947133,6.23344964430469,2997884.4570387094,-1.2297574345502937,0
2024-12-25 15:02:52.256956,116.48899034451618,3806518.974733235,116.30127060662213,109.58938496957396,6.418135516510525,2853364.5840037344,-0.20238965725339142,0
2024-12-26 15:02:52.256957,118.13140224446323,3670048.461919368,116.77454448513052,110.22806743944821,6.607642502653599,3131053.896362465,1.6424118999470494,1
2024-12-27 15:02:52.256958,117.79974079232747,1862905.4476100206,117.40653016387925,110.9955430006905,6.547851998426378,3010647.5770570496,-0.33166145213576215,0
2024-12-28 15:02:52.256960,121.53051389171598,5131650.049299722,118.12840545495848,111.96858338139926,6.597415159260939,3534146.8020552234,3.7307730993885144,1
2024-12-29 15:02:52.256961,124.12976303301242,2827658.286000879,119.61608206120707,113.11717449621604,6.615893598534485,3459756.2439126447,2.59924914129644,1
2024-12-30 15:02:52.256963,122.0150144556499,2055916.3025984177,120.7212868834338,114.19751485861582,6.18121906927422,3109635.7094856813,-2.114748577362519,0
2024-12-31 15:02:52.256964,120.65484807597417,2593392.4937832514,121.22597604973598,115.12474294381892,5.639815860260452,2894304.5158584584,-1.3601663796757322,0
2025-01-01 15:02:52.256966,122.14211026378207,5428394.0935410615,122.0944499440269,116.1145183320381,4.977382530897176,3607402.2450446663,1.4872621878079002,1
2025-01-02 15:02:52.256967,122.07611296332492,3595385.0972339055,122.2035697583487,117.0158238463808,4.257831423941686,3300149.254631503,-0.06599730045715546,0
2025-01-03 15:02:52.256968,117.48768820454649,3755683.184037847,120.87515479265551,117.51301622664725,3.6274800905359297,3485754.2342388965,-4.58842475877843,0
2025-01-04 15:02:52.256970,115.28598753610689,1821199.569666933,119.52934940874691,117.66726562170001,3.4510097937840785,3438810.8876525997,-2.2017006684395994,0
2025-01-05 15:02:52.256972,115.88493919543414,3492458.824245148,118.5753676326389,117.864328959712,3.2111679518145744,3618624.1537449793,0.5989516593272555,1
2025-01-06 15:02:52.256973,118.02645227809386,5383051.070855568,117.75223603550126,118.10545595622746,3.0180540008172105,3609555.54920788,2.1415130826597135,1
2025-01-07 15:02:52.256974,120.24191982610644,1327104.5004247322,117.38539740805757,118.47202651365323,2.790527871711555,3155899.4298460456,2.215467548012583,1
2025-01-08 15:02:52.256975,125.11864548823908,2691273.821023638,118.91158886479607,118.96386896721049,3.053174930729703,2943017.557243204,4.8767256621326425,1
2025-01-09 15:02:52.256977,123.461976958379,4464155.009855105,120.54678674925051,119.27467341201334,3.1827263639474657,3471608.645280838,-1.6566685298600845,0
2025-01-10 15:02:52.256978,121.943832111132,3538176.748886198,121.75856533239008,119.58361337497388,3.1234524448817282,3480752.230209048,-1.518144847247001,0
2025-01-11 15:02:52.256979,121.94303179477804,1964203.7548306035,122.54188123572692,119.9487743447836,2.9363599453227702,2796982.767004055,-0.000800316353959829,0
2025-01-12 15:02:52.256980,117.98228800311298,3989320.3326695417,122.0899548711282,119.95183187312325,2.934168536142149,3329425.933453017,-3.9607437916650525,0
2025-01-13 15:02:52.256981,118.03403404560582,1823547.7470631036,120.67303258260156,120.01896457531507,2.8703091808429035,3155880.7186609106,0.05174604249283732,1
2025-01-14 15:02:52.256983,117.63221205319185,2118516.172190052,119.50707960156414,120.07612566074883,2.80699636075916,2686752.9511278993,-0.40182199241397143,0
2025-01-15 15:02:52.256984,119.56943721085472,2232697.5548720835,119.03220062150868,120.14802740906842,2.7727691802141785,2425657.112325077,1.9372251576628656,1
2025-01-16 15:02:52.256985,121.95201883240172,7072284.240374434,119.03399802903343,120.35564131107212,2.742977579039533,3447273.2094338434,2.382581621547004,1
2025-01-17 15:02:52.256986,122.88797283071331,1418548.8686161996,120.01513499455348,120.42351425802198,2.7899711052005376,2933118.916623174,0.9359539983115894,1
2025-01-18 15:02:52.256987,122.9565004291192,1471881.8170136446,120.99962827125617,120.36485112782732,2.719382169510598,2862785.730613283,0.06852759840589329,1
2025-01-19 15:02:52.256989,123.91687112078958,3766515.4940917823,122.2565600847757,120.45994396108433,2.8118050240891566,3192385.5949936286,0.9603706916703771,1
2025-01-20 15:02:52.256990,122.02847134895636,3444886.250986948,122.74836691239602,120.52862512473344,2.833508619920086,3434823.334216601,-1.888399771833221,0
2025-01-21 15:02:52.256992,121.88778805484884,2584475.62160783,122.73552075688546,120.51590901428673,2.8264484546720134,2537261.610463281,-0.140683294107518,0
2025-01-22 15:02:52.256993,121.98964594403525,3291693.051322602,122.55585537954985,120.51158566332228,2.8240014240685003,2911890.4470045613,0.10185788918640526,1
2025-01-23 15:02:52.256995,121.86750958338084,1919796.8829691198,122.33805721040217,120.73057673226398,2.7459072787844696,3001473.4601956564,-0.1221363606544088,0
2025-01-24 15:02:52.256996,121.51211238264573,3423121.137511653,121.85710546277339,121.04188297459093,2.431039888148601,2932794.588879631,-0.35539720073511205,0
2025-01-25 15:02:52.256997,120.07163997653156,3630187.1309044342,121.46573918828844,121.25121801364583,2.1245435792188263,2969854.764863128,-1.4404724061141678,0
2025-01-26 15:02:52.256998,117.69264374470858,6000480.210978034,120.6267103262604,121.23452758697654,2.152340077212206,3653055.682737169,-2.378996231822981,0
2025-01-27 15:02:52.257000,117.26950027388791,8483554.524992043,119.68268119223092,121.08590660936561,2.320539817850713,4691427.977471056,-0.42314347082066206,0
2025-01-28 15:02:52.257001,118.73115081790566,2859599.2980300975,119.05540943913589,120.76653187584895,2.1710424787044205,4879388.460483252,1.4616505440177434,1
2025-01-29 15:02:52.257003,114.73367822812853,1729501.2842195313,117.69972260823245,120.33011693933642,2.4588810297207977,4540664.489824829,-3.997472589777132,0
2025-01-30 15:02:52.257004,113.65504819428725,3962902.1767099057,116.41640425178359,119.91567774349419,2.8413589373150083,4607207.498985922,-1.0786300338412786,0
2025-01-31 15:02:52.257005,118.51622714937449,3057464.7331609707,116.58112093271677,119.74433751122402,2.8158782832432174,4018604.4034225093,4.86117895508724,1
2025-02-01 15:02:52.257007,118.11873576118361,2990517.137790966,116.75096803017591,119.75115989912754,2.811546411870545,2919996.925982294,-0.39749138819087193,0
2025-02-02 15:02:52.257008,118.536075502382,1460753.962171537,116.71195296707117,119.77626197196635,2.7976153182487993,2640227.858810582,0.4173397411983899,1
2025-02-03 15:02:52.257010,123.03783689949395,3434245.3714827495,118.37278470134427,120.04654321428146,2.840369322389329,2981176.6762632257,4.501761397111949,1
2025-02-04 15:02:52.257011,123.88833436810664,4038684.168394619,120.41944193610814,120.26248807214404,2.963686763068802,2996333.0746001685,0.8504974686126872,1
2025-02-05 15:02:52.257013,124.80169044721731,5371954.623155866,121.67653459567671,120.40497165288483,3.113883663771818,3459231.052599148,0.9133560791106703,1
2025-02-06 15:02:52.257014,122.61177557342442,2538939.245556262,122.57514255812487,120.39116179002038,3.102885180355786,3368915.4741522064,-2.189914873792887,0
2025-02-07 15:02:52.257015,123.4430029962865,2163653.165530267,123.55652805690576,120.41548691837875,3.125876471484076,3509495.3148239525,0.8312274228620709,1
2025-02-08 15:02:52.257017,123.46819513663998,2528826.87575023,123.64259970433497,120.39305311917126,3.1009356924931963,3328411.615677449,0.025192140353482273,1
2025-02-09 15:02:52.257018,125.83630095990559,5213904.9097438725,124.03219302269477,120.58344459971872,3.316066290069981,3563455.763947299,2.3681058232656085,1
2025-02-10 15:02:52.257021,129.15694836416748,6537426.326454913,124.90324460608478,120.94690261518467,3.8257523342170616,3796550.104607109,3.3206474042618908,1
2025-02-11 15:02:52.257022,129.2999057722602,5725813.308128826,126.24087064585194,121.31241560659589,4.255674791486761,4433924.917121622,0.1429574080927125,1
2025-02-12 15:02:52.257024,130.3569524924537,4519194.595657852,127.62366054508539,121.73688775204955,4.712785391599954,4905033.2031471385,1.0570467201935116,1
2025-02-13 15:02:52.257025,125.58451887134399,3216838.7340184953,128.04692529202617,121.94050807648448,4.789907664923106,5042635.574800792,-4.7724336211097125,0
2025-02-14 15:02:52.257026,120.15300261801212,3477650.498102966,126.9102656236475,121.94457620855849,4.788271142381849,4695384.69247261,-5.431516253331864,0
2025-02-15 15:02:52.257028,122.87035759707724,3740652.9474628833,125.65294747022945,122.20346190117694,4.685144358792087,4136030.0166742043,2.717354979065121,1
2025-02-16 15:02:52.257029,116.94828844103691,2881844.9215035746,123.18262400398478,122.18740130953438,4.703462820072184,3567236.3393491544,-5.922069156040337,0
2025-02-17 15:02:52.257030,117.77530135372152,5099180.916828024,120.66629377623835,122.13960883632517,4.745102536996032,3683233.6035831883,0.8270129126846086,1
2025-02-18 15:02:52.257032,117.42566320676822,1430615.4011672242,119.0345226433232,122.27420808525714,4.558480239095456,3325988.9370129346,-0.3496381469532963,0
2025-02-19 15:02:52.257033,120.4136059847049,1569296.6751417138,119.08664331666175,122.61213597477804,4.114819926317719,2944318.172420684,2.9879427779366807,1
2025-02-20 15:02:52.257035,120.38910367262612,1429357.1039279583,118.59039253177154,122.7057798009406,4.0372811179465735,2482059.003713699,-0.02450231207878062,0
2025-02-21 15:02:52.257036,124.87011298874913,2188888.254820216,120.17475744131397,123.04334866231889,3.9139255303337315,2343467.6703770272,4.481009316123007,1
2025-02-22 15:02:52.257037,124.42412999313177,6408243.043055459,121.50452316919602,123.33775138685637,3.7760675349662622,2605280.0956225144,-0.44598299561735644,0
2025-02-23 15:02:52.257039,127.37342297948094,1804008.751200287,123.49407512373857,123.55453069085573,3.880937662844648,2679958.7656291267,2.949292986349164,1
2025-02-24 15:02:52.257040,123.6751514816659,1837524.851548485,124.14638422313078,123.54387154653371,3.880265304602328,2733604.400910481,-3.6982714978150284,0
2025-02-25 15:02:52.257041,118.16921573631276,2163669.7967193928,123.7024066358681,123.21224781098847,4.046948483277875,2880466.939468768,-5.505935745353142,0
2025-02-26 15:02:52.257043,118.16162441096563,5687360.539951203,122.3607089203114,122.98974025286552,4.201103151191884,3580161.396494965,-0.00759132534713558,0
2025-02-27 15:02:52.257044,114.95508171481103,6700173.186505332,120.46689926464725,122.56534418879176,4.56580042199708,3638547.42518494,-3.2065426961545995,0
2025-02-28 15:02:52.257045,114.87481018638684,5430425.081548734,117.96717670602843,122.1356749412791,4.870539776309354,4363830.691254629,-0.08027152842419127,0
2025-03-01 15:02:52.257047,113.98638559312073,5601367.219025289,116.0294235283194,121.54317917293986,5.1114744797207505,5116599.16474999,-0.8884245932661088,0
2025-03-02 15:02:52.257049,115.43203119494956,7466605.696108469,115.48198662004677,120.85693331447897,4.954393247286521,6177186.344627805,1.4456456018288293,1
2025-03-03 15:02:52.257051,113.05725851359946,1331412.2043907328,114.46111344057351,120.04480095154592,4.827193802355924,5305996.677515711,-2.3747726813500947,0
2025-03-04 15:02:52.257052,114.0785769281419,1771887.7177616698,114.2858124832397,119.23088217333034,4.345235044510026,4320339.583766978,1.021318414542435,1
2025-03-05 15:02:52.257053,116.12491544496719,2302790.9915635744,114.53583353495576,118.75790200201149,4.1265788648382165,3694812.7657699473,2.046338516825287,1
2025-03-06 15:02:52.257055,115.70598586907298,3443035.7747477125,114.87975359014622,118.53555116456452,4.167060669750938,3263146.476914432,-0.41892957589421087,0
2025-03-07 15:02:52.257056,116.87640284673097,3437462.1954637296,115.16862792050252,118.23585342704723,4.052870000240078,2457317.776785484,1.1704169776579931,1
2025-03-08 15:02:52.257058,114.66852929260907,3464380.3178185844,115.49088207630442,118.12186546962585,4.122451125344811,2883911.3994710543,-2.2078735541219032,0
2025-03-09 15:02:52.257059,113.85121953415411,4960958.953744231,115.44541059750686,117.92566137864746,4.231746257998941,3521725.646667566,-0.8173097584549538,0
2025-03-10 15:02:52.257060,110.89137245903595,1253031.9542208717,114.3987020003206,117.59894684126084,4.5151337690946844,3311773.839199026,-2.9598470751181623,0
2025-03-11 15:02:52.257062,116.25970748990142,3047505.6995046437,114.50944632448629,117.39125191652067,4.474199360395839,3232667.824150412,5.368335030865467,1
2025-03-12 15:02:52.257063,119.21188116281267,3733305.5345110926,114.97654198770265,117.33239079103001,4.44030002230618,3291836.4919598848,2.9521736729112575,1
2025-03-13 15:02:52.257064,123.29807644002493,2778014.622874253,116.70245141718583,117.25378896359379,4.311902778545033,3154563.3529710183,4.086195277212255,1
2025-03-14 15:02:52.257066,126.3926824731132,3593252.0366297364,119.21074400497764,117.35221658759288,4.502452139001597,2881021.9695481197,3.0946060330882688,1
2025-03-15 15:02:52.257067,124.78976026340514,5449887.756798956,121.99042156585146,117.22303345178906,4.228525578205817,3720393.1300637363,-1.6029222097080549,0
2025-03-16 15:02:52.257068,121.07860669391859,3372318.085279224,122.9542014066549,117.0932062124017,4.056357313607607,3785355.607218652,-3.711153569486555,0
2025-03-17 15:02:52.257069,120.11606871375939,9519876.845111212,123.13503891684425,117.19054886127404,4.106586800419912,4942669.869338676,-0.9625379801591976,0
2025-03-18 15:02:52.257070,121.32399989523606,5258958.792477011,122.74022360788646,117.34866763548757,4.205631854587213,5438858.703259228,1.207931181476667,1
2025-03-19 15:02:52.257072,120.6820736214425,3734271.347129639,121.59810183755232,117.63501723081913,4.228984366828163,5467062.565359208,-0.6419262737935583,0
2025-03-20 15:02:52.257073,115.46456944357308,4205337.226529165,119.73306367358593,117.66450519367845,4.21074175608688,5218152.45930525,-5.217504177869415,0
2025-03-21 15:02:52.257074,117.26135230030128,4740528.427065531,118.96961279486247,117.82825352903747,4.122941430232299,5491794.527662511,1.7967828567281998,1
2025-03-22 15:02:52.257078,113.62925798143853,7592799.840445715,117.67225064839829,117.73811486836192,4.197125941934925,5106379.126729412,-3.6320943188627552,0
2025-03-23 15:02:52.257079,112.72984755044067,5880454.061017854,115.95342017943922,117.721744320204,4.2169359211192905,5230678.180437582,-0.899410430997861,0
2025-03-24 15:02:52.257081,116.78911982096179,4227421.8674467215,115.17482941934307,117.85727146484498,4.136475682491388,5329308.2845009975,4.05927227052112,1
2025-03-25 15:02:52.257082,116.96225180526898,2270869.02548584,115.47436589168225,117.89913828286005,4.1222319999537795,4942414.644292332,0.17313198430719012,1
2025-03-26 15:02:52.257084,119.56790220783378,4022699.6619546893,115.93567587318876,118.0922340997981,4.104505048718964,4798848.891270164,2.6056504025648053,1
2025-03-27 15:02:52.257085,120.46037108499361,4366478.76078955,117.30189849389976,118.27143251171124,4.126804918886064,4153584.6753389314,0.8924688771598284,1
2025-03-28 15:02:52.257086,118.11311658571894,4823095.361130558,118.37855230095542,118.44366187636672,4.03948114944374,3942112.935361472,-2.347254499274669,0
2025-03-29 15:02:52.257087,119.90851955725749,2264920.7256731326,119.00243224821456,118.74652687752189,3.901764029915712,3549612.707006754,1.7954029715385502,1
2025-03-30 15:02:52.257088,119.81688323388278,4728108.252525401,119.57335853393734,119.19280241626424,3.4390211506633306,4041060.552414666,-0.09163632337471483,0
2025-03-31 15:02:52.257089,116.36688420607628,4878049.571424083,118.93315493358583,119.19816125207296,3.4342903699743847,4212130.534308545,-3.4499990278064985,0
2025-04-01 15:02:52.257091,112.63750483016311,1785246.3911646572,117.36858168261972,118.8694424354405,3.734431259473395,3695884.0603835667,-3.729379375913169,0
2025-04-02 15:02:52.257092,113.56099864300484,1792791.2520350118,116.45815809407691,118.38258854558951,3.761297382220911,3089823.238564457,0.9234938128417269,1
2025-04-03 15:02:52.257093,118.58939048630899,5717302.632547271,116.1943322798872,117.99242394624927,3.257674307457484,3780299.619939285,5.028391843304149,1
2025-04-04 15:02:52.257094,116.12206850496281,2131669.949481424,115.45536933410321,117.55903935832718,2.857809249492009,3261011.9593304894,-2.467321981346174,0
2025-04-05 15:02:52.257095,113.97766695482908,7052323.119094902,114.97752588385376,117.20399237137272,2.8385699441335306,3695866.6688646534,-2.144401550133736,0
2025-04-06 15:02:52.257096,114.94554016738586,2843456.883053637,115.43913295129832,116.94546594405404,2.79450406755821,3907508.7672424493,0.9678732125567819,1
2025-04-07 15:02:52.257097,112.02027699555244,3962695.0656640604,115.13098862180784,116.48027979906983,2.8016327036350557,4341489.52996826,-2.9252631718334214,0
2025-04-08 15:02:52.257098,117.479150407872,3867613.136604662,114.90894060612045,116.32013363839133,2.6354217242394387,3971551.630779737,5.458873412319562,1
2025-04-09 15:02:52.257100,115.52043673148526,2287031.3999698847,114.78861425142493,116.32292700278693,2.63449660247943,4002623.920877429,-1.9587136763867363,0
2025-04-10 15:02:52.257112,114.43060954036997,6551654.459908138,114.8792027685331,116.18138986479036,2.6573675412049744,3902490.189040077,-1.0898271911152904,0
2025-04-11 15:02:52.257114,112.66037695193276,2844824.9668297837,114.42217012544249,116.13294581331506,2.7145578392687,3902763.8057953054,-1.77023258843721,0
2025-04-12 15:02:52.257116,114.843805986182,3366534.4171752473,114.98687592356842,116.23864373510214,2.6143835308950245,3783531.676097543,2.1834290342492437,1
2025-04-13 15:02:52.257118,119.97915115744249,1213376.1004287521,115.48687607348249,116.39814530192616,2.7438407632251245,3252684.268862361,5.135345171260482,1
2025-04-14 15:02:52.257119,118.36263639382298,1675805.9213067587,116.05531600595005,116.46816453135389,2.7766653210566696,3130439.173129736,-1.6165147636195059,0
2025-04-15 15:02:52.257120,120.49215538452167,5743414.156655824,117.26762517478036,116.51437719018827,2.8379843878198416,2968791.112479273,2.129518990698685,1
2025-04-16 15:02:52.257144,117.44457411732914,3259987.2189059337,118.22446460785966,116.36358734180503,2.6937412768215028,3051823.562894503,-3.047581267192527,0
2025-04-17 15:02:52.257148,119.7794327480533,2439288.1084819823,119.21158996023391,116.44690314992177,2.775237458299467,2866374.3011558503,2.334858630724156,1
2025-04-18 15:02:52.257150,124.1287340988445,2458970.245670555,120.0415065485143,116.65791387700112,3.182800356574968,3115493.130204211,4.349301350791208,1
2025-04-19 15:02:52.257151,127.85110355149878,4300722.061447692,121.93919998004947,117.0596248928819,4.003650419649447,3640476.3582323976,3.722369452654277,1
2025-04-20 15:02:52.257153,128.2553011882798,6139080.566445883,123.49182914080112,117.6540457419921,4.714767796411301,3719609.640190409,0.4041976367810065,1
2025-04-21 15:02:52.257154,125.69603215880905,2468532.2933370615,125.14212074909707,118.30697210842439,4.8846336829523915,3561318.655076635,-2.559269029470741,0
2025-04-22 15:02:52.257155,125.76083569457386,5654322.748617011,126.3384013384012,118.91696396100284,5.020627425344175,4204325.58310364,0.0648035357648098,1
2025-04-23 15:02:52.257159,125.04381397274607,3017569.2120658234,126.5214173131815,119.2396851353247,5.202607153585314,4316045.376382694,-0.7170217218277912,0
2025-04-24 15:02:52.257161,123.99365052926315,4198864.87248589,125.74992670873436,119.6332642365397,5.251856143211579,4295673.938590334,-1.0501634434829157,0
2025-04-25 15:02:52.257162,124.56919640541658,1345774.9428722,125.01270575216174,120.16284070906906,5.185133033813426,3337012.813875597,0.5755458761534271,1
2025-04-26 15:02:52.257163,124.4657312626069,1466166.1038078712,124.7666455729213,120.63885026383014,5.117510842492413,3136539.5759697594,-0.10346514280968222,0
2025-04-27 15:02:52.257164,126.30344486959449,4926024.711423919,124.87516740792543,121.35300865753224,4.840600277469941,2990879.9685311406,1.8377136069875917,1
2025-04-28 15:02:52.257166,128.18495713655068,3750769.0995616387,125.50339604068635,121.88829899396617,4.979615485443517,3137519.946030304,1.881512266956193,1
2025-04-29 15:02:52.257167,128.0880896093501,4000134.722648349,126.32228385670373,122.51668163785939,4.926433941462366,3097773.9160627956,-0.09686752720057257,0
2025-04-30 15:02:52.257168,129.26484645527424,1906187.0107824388,127.26141386667527,123.25839348360462,4.758790831641987,3209856.3296448435,1.1767568459241318,1
2025-05-01 15:02:52.257169,132.79294066305627,2646854.567575483,128.92685574676517,124.26502166916082,4.522454752847761,3445994.022398366,3.5280942077820328,1
2025-05-02 15:02:52.257171,131.45427425950103,1416749.9030137542,129.95702162474646,125.09554508282675,4.216072055018869,2744139.060716333,-1.3386664035552371,0
2025-05-03 15:02:52.257172,131.56182848666728,2139913.375735075,130.6323958947698,125.674678949288,4.27143154508462,2421967.91595102,0.10755422716624707,1
2025-05-04 15:02:52.257173,128.94807646723825,3231862.104211798,130.8043932663474,126.20395095295876,3.9623491792166132,2268313.3922637096,-2.613752019429029,0
2025-05-05 15:02:52.257175,130.25669727917958,3851269.929774189,131.00276343112847,126.69217804769164,3.820559614501133,2657329.97606206,1.3086208119413243,1
2025-05-06 15:02:52.257176,130.84026839465503,2288792.841548207,130.61222897744824,127.36196276155795,3.2448589573299014,2585717.630856605,0.5835711154754506,1
2025-05-07 15:02:52.257177,132.11789209317394,4308398.292723103,130.7449525441828,127.97888572881398,2.8797414618730417,3164047.3087984743,1.2776236985189087,1
2025-05-08 15:02:52.257178,129.59542234182518,3207042.937095143,130.3516713152144,128.252220140963,2.7516559214171776,3377473.221070488,-2.5224697513487513,0
2025-05-09 15:02:52.257180,131.66078119587442,2919827.4885152252,130.89421226094163,128.4427040231818,2.8524440826342343,3315066.2979311734,2.0653588540492365,1
2025-05-10 15:02:52.257181,131.99568502871756,3408611.5671764137,131.24200981084923,128.62972321520368,2.9600972448999716,3226534.6254116185,0.33490383284313907,1
2025-05-11 15:02:52.257182,134.80903068604533,9339932.778114235,132.03576226912728,129.0853731415655,3.17810187295715,4636762.612724824,2.8133456573277726,1
2025-05-12 15:02:52.257183,133.70080577406014,3016164.5872720657,132.35234500530456,129.48237164553979,3.236338181604162,4378315.871634616,-1.1082249119851895,0
2025-05-13 15:02:52.257184,135.605877904301,5262526.520286533,133.5544361177997,130.01047484211753,3.334212497964939,4789412.588272894,1.9050721302408533,1
2025-05-14 15:02:52.257185,136.88666911633288,4295775.426820564,134.5996137018914,130.65512577147103,3.3559912107092202,5064602.175933963,1.280791212031886,1
2025-05-15 15:02:52.257186,141.19562893946923,2887553.9308905276,136.4396024840417,131.48644739817368,3.799117771316301,4960390.648676785,4.308959823136348,1
2025-05-16 15:02:52.257187,140.93801307106102,1505833.2014207242,137.66539896104487,132.31006148859638,3.9782795552860364,3393570.7333380827,-0.2576158684082088,0
2025-05-17 15:02:52.257188,139.45230503747817,2389002.2750559403,138.81569881372846,132.96750449699056,4.019655848703269,3268138.2708948576,-1.4857080335828527,0
2025-05-18 15:02:52.257189,138.15094810716838,3396281.6091444613,139.32471285430194,133.46580404552145,4.013295727309628,2894889.2886664434,-1.3013569303097938,0
2025-05-19 15:02:52.257190,135.1899077154967,3102167.4786434793,138.98536057413472,133.82089495082877,3.8220636420185925,2656167.699031026,-2.9610403916716734,0
2025-05-20 15:02:52.257192,133.90345793543344,6251403.688069143,137.5269263733275,134.05282552483675,3.6687057958858054,3328937.65046675,-1.2864497800632648,0
2025-05-21 15:02:52.257193,127.84354717831212,2265371.10308364,134.90803319477774,133.8053558505995,3.9167094476230373,3480845.230799333,-6.059910757121315,0
2025-05-22 15:02:52.257194,131.45736180881514,3037648.6868538097,133.30904454904515,133.80551022806523,3.916611961890803,3610574.513158907,3.6138146305030148,1
2025-05-23 15:02:52.257195,136.71022109908253,4274519.380573588,133.020899147428,134.062929858686,3.930548884285757,3786222.067444732,5.252859290267395,1
2025-05-24 15:02:52.257196,136.3754583668203,2844596.4491436305,133.2580092776927,134.43429895366512,3.7694257477921957,3734707.8615447627,-0.3347627322622202,0
2025-05-25 15:02:52.257199,137.644439264507,5319217.4429972,134.0062055435074,134.80368605293148,3.6998331923764143,3548270.612530374,1.2689808976867027,1
2025-05-26 15:02:52.257200,138.16574501516246,1897819.5203779135,136.07064511087748,135.16995988395686,3.64906749387677,3474760.295989229,0.5213057506554435,1
2025-05-27 15:02:52.257201,134.6518864087677,1528987.6549801894,136.709550030868,135.29665959973653,3.58087319466459,3173028.0896145045,-3.5138586063947628,0
2025-05-28 15:02:52.257203,137.51293968904164,2832838.3074454083,136.87009374885983,135.69253546709734,3.347456544312564,2884691.874988868,2.86105328027395,1
2025-05-29 15:02:52.257204,140.854441769519,3154944.8682327853,137.76589042939958,136.1522184957796,3.395569136385057,2946761.5588066997,3.341502080477369,1
2025-05-30 15:02:52.257205,138.0212082425049,3645668.980111819,137.84124422499912,136.45349465646896,3.272444050022349,2612051.866229623,-2.8332335270141016,0
2025-05-31 15:02:52.257206,139.00433847214916,3503339.945190986,138.00896291639648,136.66326004577417,3.2958620244575862,2933155.951192238,0.9831302296442459,1
2025-06-01 15:02:52.257207,138.3449105960241,2665232.4505039486,138.74756775384776,136.89546528687237,3.2392725871410084,3160404.910296989,-0.6594278761250507,0
2025-06-02 15:02:52.257209,141.7476493272631,1538034.8841840932,139.59450968149207,137.20255385802048,3.3978277698382815,2901444.225644727,3.4027387312389976,1
2025-06-03 15:02:52.257210,141.5836697702136,3080632.877942543,139.74035528163097,137.4374038907145,3.5344227566003354,2886581.827586678,-0.16397955704951528,0
2025-06-04 15:02:52.257211,141.4965009455,1944232.1761580154,140.43541382222998,137.45244749101602,3.5518581305386157,2546294.466795917,-0.08716882471358645,0
2025-06-05 15:02:52.257212,146.81782974975897,3386400.422455316,141.99811207775195,137.74643832495093,4.06221894665581,2522906.562248783,5.321328804258968,1
2025-06-06 15:02:52.257214,143.16305881104614,1878536.8066540854,142.96174172075638,137.9319760136293,4.225686765808758,2365567.433478811,-3.6547709387128293,0
2025-06-07 15:02:52.257215,143.94701214833833,3951497.0122882505,143.40161428497143,138.22177921568783,4.435058518676012,2848259.8590996424,0.7839533372921892,1
2025-06-08 15:02:52.257216,144.2745782415721,7526614.977205299,143.93979597924312,138.67601274199157,4.571321970164353,3737456.2789521934,0.32756609323377006,1
2025-06-09 15:02:52.257218,142.6146153993598,2273916.2276607095,144.16341887001508,139.1115706151879,4.507209457817776,3803393.0892527318,-1.659962842212309,0
2025-06-10 15:02:52.257219,148.62738793593206,1736613.691937807,144.5253305072497,140.1507626530689,4.154691895043628,3473435.7431492307,6.012772536572271,1
2025-06-11 15:02:52.257220,149.70600370480912,5793545.811836721,145.8339194860023,141.0631947478686,4.148840021003074,4256437.544185758,1.0786157688770572,1
2025-06-12 15:02:52.257221,151.8068300091783,7908909.2787038265,147.40588305817028,141.81802519337342,4.657345843929999,5047919.997468873,2.1008263043691784,1
2025-06-13 15:02:52.257222,154.37750548122193,1753649.6020575576,149.42646850610024,142.71812754909348,5.251775951815926,3893326.922439324,2.5706754720436322,1
2025-06-14 15:02:52.257223,153.46673761130833,3122778.525801307,151.59689294848994,143.50924246643353,5.625669136925682,4063099.3820674433,-0.9107678699135988,0
2025-06-15 15:02:52.257226,157.40453310167658,4169798.498332392,153.35232198163885,144.47118187075924,6.271634136076689,4549736.34334636,3.937795490368245,1
2025-06-16 15:02:52.257227,160.7949296720762,2870140.829916771,155.5701071750923,145.77833403392466,6.817962897480503,3965055.346962371,3.3903965703996164,1
2025-06-17 15:02:52.257228,160.48296767839125,1361631.7386480053,157.30533470893485,146.92683543339214,7.271921996740796,2655599.8389512063,-0.31196199368494604,0
2025-06-18 15:02:52.257229,163.60470006313003,1645482.405760839,159.15077362531648,148.06434834807268,8.013589222079947,2633966.3996918625,3.1217323847387775,1
2025-06-19 15:02:52.257230,167.79648912843493,1734280.863183723,162.01672392874178,149.5531123923692,8.778859118984732,2356266.867168346,4.191789065304903,1
2025-06-20 15:02:52.257232,170.5713650094059,1943396.8410087202,164.65009031028768,151.13146371923204,9.583333764576325,1910986.5357036118,2.774875880970967,1
2025-06-21 15:02:52.257233,167.8296338158382,3414103.924739306,166.05703113904005,152.60569988022274,9.778685019381435,2019779.1546681188,-2.741731193567688,0
2025-06-22 15:02:52.257234,167.60370364402448,5659606.476358311,167.4811783321667,153.8985025960608,9.974828876791078,2879374.10221018,-0.22593017181372943,0
2025-06-23 15:02:52.257235,169.28940307544536,1658243.441297272,168.61811893462976,155.2837892613224,10.097658244528931,2881926.3093174663,1.6856994314208862,1
2025-06-24 15:02:52.257236,170.23027931398335,2206779.3503171233,169.10487697173943,156.72047817974655,10.076857496960628,2976426.006744147,0.9408762385379816,1
2025-06-25 15:02:52.257237,167.79594843392059,1876689.1318119196,168.5497936566424,157.76938411395466,10.08364388375603,2963084.4649047866,-2.4343308800627597,0
2025-06-26 15:02:52.257238,166.92045471783547,3776117.6923237545,168.36795783704184,158.95725390929414,9.662990347993853,3035487.218421676,-0.8754937160851171,0
2025-06-27 15:02:52.257240,168.18334309519375,2167397.981193769,168.4838857272757,160.1690704566369,9.189632728181941,2337045.519388768,1.26288837735828,1
2025-06-28 15:02:52.257241,163.2643098845282,1972159.5296511059,167.27886708909224,161.11855703878467,8.408807327803208,2399828.7370595345,-4.91903321066556,0
2025-06-29 15:02:52.257242,163.4091248443892,1471023.8348879064,165.91463619517344,162.15828251103613,7.1989876348585415,2252677.6339736907,0.14481495986100867,1
2025-06-30 15:02:52.257244,165.7846934303499,6451723.772056158,165.5123851944593,163.01614778575706,6.488979028977854,3167684.5620225384,2.375568585960707,1
2025-07-01 15:02:52.257245,166.8088722853992,9769551.211890655,165.49006870797206,163.87129121478657,5.724506625130592,4366371.265935918,1.0241788550492856,1
2025-07-02 15:02:52.257247,164.05456821201776,3409535.7064192146,164.66431373133685,164.48367812492853,4.971558887384677,4614798.810981007,-2.7543040733814337,0
2025-07-03 15:02:52.257248,161.91457166189,6870845.043307603,164.3943660868092,164.86053143396194,4.420268935777378,5594535.913712307,-2.139996550127762,0
2025-07-04 15:02:52.257249,166.88563632075798,2462147.300691349,165.08966838208295,165.53147636943442,3.5282017324174153,5792760.606872996,4.971064658867988,1
2025-07-05 15:02:52.257250,163.86711570834711,3267551.3349890104,164.7061528376824,165.85460549976796,3.001320609888162,5155926.119459566,-3.0185206124108674,0
2025-07-06 15:02:52.257251,167.88331526587194,4527301.384622343,164.92104143377696,166.2090247794577,2.7829713955532966,4107476.1540059047,4.016199557524828,1
2025-07-07 15:02:52.257252,165.89297979164516,2244775.9619533257,165.28872374970246,166.47952538512044,2.4387486970215115,3874524.2051127264,-1.9903354742267823,0
2025-07-08 15:02:52.257253,169.77030264857206,3018511.300723178,166.85986994703885,166.78780551439252,2.4459017338447424,3104057.4565958413,3.877322856926895,1
2025-07-09 15:02:52.257255,171.7033780660571,2837851.3314135023,167.82341829609868,166.98314996127363,2.675901150323634,3179198.262740272,1.9330754174850426,1
2025-07-10 15:02:52.257256,170.59760267042435,4068843.179854028,169.16951568851414,166.98446184432456,2.6777586768165977,3339456.6317132753,-1.1057753956327474,0
2025-07-11 15:02:52.257257,164.75787598740445,3372050.021446584,168.54442783282065,166.83087395290286,2.7145710449452016,3108406.3590781232,-5.839726683019904,0
2025-07-12 15:02:52.257258,166.15952684042693,2272286.685138649,168.59773724257698,166.758665112723,2.7121382328242247,3113908.5037151882,1.4016508530224883,1
2025-07-13 15:02:52.257259,166.84739540589177,2812416.5939999763,168.01315579404093,166.63656472924532,2.6463803525913168,3072689.5623705476,0.6878685654648393,1
2025-07-14 15:02:52.257260,168.31847178100458,5707957.396940929,167.33617453703042,166.54097435259638,2.542217503356664,3646710.7754760333,1.4710763751128013,1
2025-07-15 15:02:52.257261,170.22921970785706,4301299.524831515,167.26249794451695,166.6626379162932,2.660893006554324,3693202.0444715307,1.9107479268524798,1
2025-07-16 15:02:52.257262,165.89637373536146,4118184.551904225,167.49019749410837,166.6114338671695,2.6655199399302836,3842428.950563059,-4.332845972495591,0
2025-07-17 15:02:52.257264,167.28999023315743,10099541.956863202,167.71629017265445,166.56676622406766,2.645199928838557,5407880.004907969,1.3936164977959606,1
2025-07-18 15:02:52.257265,169.87783965103725,1857096.894401601,168.32237902168353,166.89744271239314,2.6239245533583087,5216816.064988295,2.5878494178798235,1
2025-07-19 15:02:52.257266,172.4650215365983,4661648.356605035,169.1516889728023,167.3502375470036,2.767705969543778,5007554.256921116,2.5871818855610513,1
2025-07-20 15:02:52.257267,168.28068170534348,3359833.1197288395,168.76198137229957,167.47503696075324,2.7496127040220633,4819260.975900581,-4.1843398312548175,0
2025-07-21 15:02:52.257268,172.2969229457779,3882183.2190509993,170.04209121438288,167.7494394937722,2.9464332094354053,4772060.709329936,4.016241240434425,1
2025-07-22 15:02:52.257270,173.86745819805407,3580959.2620040546,171.35758480736223,168.24008399307402,3.111196614258661,3468344.1703581056,1.5705352522761586,1
2025-07-23 15:02:52.257271,175.8979916142939,2301903.928156466,172.56161520001353,168.93925499069422,3.1852124136706026,3557305.577109079,2.0305334162398196,1
2025-07-24 15:02:52.257272,172.86141994386054,1948312.7842087653,172.64089488146598,169.23804417184937,3.261792476753039,3014638.462629825,-3.0365716704333465,0
2025-07-25 15:02:52.257273,175.58654871101427,3268743.1390832784,174.10206828260016,169.8240158219827,3.298611309844028,2996420.466500713,2.725128767153734,1
2025-07-26 15:02:52.257274,169.7206407116435,2210904.8965411237,173.58681183577326,169.9158820942713,3.267152908480444,2662164.8019987373,-5.865907999370762,0
2025-07-27 15:02:52.257275,166.94924732750422,2717430.898671016,172.20316966166328,169.96869547106422,3.2066778042736397,2489459.12933213,-2.7713933841392873,0
2025-07-28 15:02:52.257276,171.31801114262944,4872316.881564226,171.2871735673304,170.04608089576712,3.2202843226744076,3003541.720013682,4.36876381512522,1
2025-07-29 15:02:52.257277,173.85009978385787,1770119.6537856706,171.48490953532988,170.15341698165713,3.312876761826927,2967903.093929063,2.5320886412284267,1
2025-07-30 15:02:52.257278,174.9540895696844,2970212.138262842,171.3584177070639,170.37124132662015,3.482498375774458,2908196.8937649755,1.103989785826542,1
2025-07-31 15:02:52.257280,178.37674735871218,5538631.582790026,173.08963903647765,171.05218489518552,3.65436060600067,3573742.231014757,3.4226577890277667,1
2025-08-01 15:02:52.257281,182.11925599501623,2536796.144301129,176.12364076998,171.85017135291497,4.227348238669244,3537615.280140779,3.742508636304052,1
2025-08-02 15:02:52.257282,184.9933778024636,6815620.110032013,178.85871410194687,172.7574704727436,4.977799472770238,3926275.925834337,2.8741218074473807,1
2025-08-03 15:02:52.257283,184.2827881391701,1505450.7571065421,180.94525177300932,173.55568629065186,5.482875409273571,3873342.14649851,-0.7105896632935185,0
2025-08-04 15:02:52.257284,181.16542045394928,8118794.741528511,182.1875179498623,174.1024963279565,5.675613493805991,4903058.667151645,-3.117367685220813,0
2025-08-05 15:02:52.257285,178.86695844168958,3298543.9482310005,182.28556016645774,174.7510255632729,5.424054756058397,4455041.140239839,-2.298462012259705,0
2025-08-06 15:02:52.257287,184.07697913552443,1682312.9757959866,182.6771047945594,175.59037500839125,5.506948921001252,4284144.50653881,5.210020693834849,1
2025-08-07 15:02:52.257288,179.53031198065597,4958375.974399251,181.58449163019787,176.07299862487216,5.401923507245571,3912695.6794122583,-4.546667154868459,0
2025-08-08 15:02:52.257289,181.3920173142778,4054822.850779822,181.00633746521942,176.51934841375615,5.4566457426388375,4422570.098146914,1.8617053336218419,1
2025-08-09 15:02:52.257291,183.27865749390665,6524493.552432939,181.42898487321088,177.2692472031843,5.292946342332898,4103709.8603278,1.8866401796288415,1
2025-08-10 15:02:52.257292,188.83410077061754,1516596.9508768618,183.42241333899648,178.09610609442626,5.747485746271768,3747320.4608569727,5.555443276710889,1
2025-08-11 15:02:52.257293,190.7874609787684,1889724.729575648,184.76450970764526,178.942106233462,6.3100294299596955,3788802.811612904,1.9533602081508548,1
2025-08-12 15:02:52.257294,189.27397414540076,4804319.131616323,186.71324214059422,179.61090536001734,6.669048586897852,3757991.443056319,-1.5134868333676366,0
2025-08-13 15:02:52.257295,187.83164424956743,11696122.88199502,188.00116752765217,180.35941657530267,6.711606544489942,5286251.449299359,-1.4423298958333248,0
2025-08-14 15:02:52.257296,187.9038582922168,4358438.205718392,188.92620768731416,180.97528205436282,6.814922145582857,4853040.379956448,0.07221404264936382,1
2025-08-15 15:02:52.257297,192.30522532997753,4709269.656802473,189.6204325991862,182.1045112852795,6.722380542138075,5491574.92114157,4.4013670377607355,1
2025-08-16 15:02:52.257299,195.5300785767101,2234141.8138651927,190.56895611877454,183.53355284773983,6.359155184850108,5560458.33799948,3.224853246732579,1
2025-08-17 15:02:52.257300,191.42574831745952,2984894.860186599,190.99931095318627,184.5389397064813,5.899105525878159,5196573.483713536,-4.104330259250588,0
2025-08-18 15:02:52.257301,192.59186346276934,2397849.258824333,191.9513547958267,185.4760278904269,5.592405898541447,3336918.7590793977,1.166115145309817,1
2025-08-19 15:02:52.257302,195.89494514402267,4202421.077610188,193.54957216618783,186.5230706691438,5.477906582711073,3305715.333457757,3.3030816812533317,1
2025-08-20 15:02:52.257303,195.06542471655902,5203087.8478053715,194.10161204350413,187.35750453703616,5.4426453593472806,3404478.971658337,-0.829520427463649,0
2025-08-21 15:02:52.257304,186.91155276980643,3587113.477385727,192.3779068821234,187.59711937577566,5.3036070219223745,3675073.3043624437,-8.153871946752588,0
2025-08-22 15:02:52.257305,186.27164453664875,4865692.86303815,191.34708612596125,187.66103271248488,5.278219478958493,4051232.9049327536,-0.6399082331576835,0
2025-08-23 15:02:52.257306,180.91061486826024,3222369.2730084113,189.01083640705943,187.49242404893943,5.443100139960516,4216136.90776957,-5.361029668388511,0
2025-08-24 15:02:52.257308,175.14846223461774,6339609.176749704,184.86153982517845,187.19157613797285,5.953555651483372,4643574.527597474,-5.762152633642501,0
2025-08-25 15:02:52.257309,179.00921552228607,2124877.280996117,181.65029798632386,187.19868899200267,5.943162487097885,4027932.4142356217,3.860753287668331,1
2025-08-26 15:02:52.257310,188.36054154057743,6635656.44507046,181.94009574047806,187.4128671122553,5.901783005274532,4637641.007772569,9.35132601829136,1
2025-08-27 15:02:52.257311,193.6676623661049,2285118.7658500625,183.41929930636928,188.11973463152776,5.752730997463735,4121526.1883349516,5.307120825527477,1
2025-08-28 15:02:52.257312,183.90728585940727,3295911.9624723187,184.01863350459865,188.24549805878422,5.62396460748498,4136234.726227733,-9.76037650669764,0
2025-08-29 15:02:52.257313,183.36367862025128,1799203.237757026,185.6616767817254,188.24974911510145,5.6200434284825045,3228153.538429197,-0.543607239155989,0
2025-08-30 15:02:52.257314,181.30446179528087,4210046.329616289,186.12072603632436,187.87326716633464,5.827221286726868,3645187.348153231,-2.059216824970406,0
2025-08-31 15:02:52.257315,176.13650321282165,3491152.72822496,183.6759183707732,187.14071927803727,6.3399328608276955,3016286.604784131,-5.167958582459221,0
2025-09-01 15:02:52.257316,177.8706242069207,4729467.607236418,180.51651073893635,186.5705517811133,6.643486290399109,3505156.3730614022,1.7341209940990439,1
2025-09-02 15:02:52.257317,177.30307932787065,1373820.99315169,179.19566943262902,186.04412353502843,6.948439617397646,3120738.1791972765,-0.5675448790500468,0
2025-09-03 15:02:52.257318,173.30946110586729,3495292.2869611112,177.1848259297522,185.31440367571096,7.488231614627241,3459955.9890380935,-3.993618222003363,0
2025-09-04 15:02:52.257320,166.40954427389534,3999741.8116909927,174.2058424254751,184.01961962290687,8.39922129318045,3417895.0854530344,-6.89991683197195,0
2025-09-05 15:02:52.257321,164.47746362291443,1994113.9435435398,171.8740345074937,182.46698887521706,9.007550631880509,3118487.3285167506,-1.9320806509809074,0
2025-09-06 15:02:52.257322,164.5857485975858,4267368.709532191,169.21705938562667,181.1249888892234,9.583548137594452,3026067.548975905,0.10828497467136344,1
2025-09-07 15:02:52.257323,164.27853424047328,1036551.3609202133,166.61215036814724,179.70932242810858,9.886926759936646,2958613.6225296096,-0.3072143571125139,0
2025-09-08 15:02:52.257326,167.89168065103613,3066775.768806677,165.52859427718099,178.30915920345927,9.447216877073465,2872910.3188987225,3.613146410562848,1
2025-09-09 15:02:52.257327,169.11495555856328,6624251.7934892,166.0696765341146,177.01163574555946,8.78347081610232,3397812.315258364,1.2232749075271556,1
2025-09-10 15:02:52.257328,168.03732374890322,3053550.7451083804,166.78164855931234,176.0679242945143,8.677120322218196,3609699.675571332,-1.077631809660062,0
2025-09-11 15:02:52.257329,165.39582957914706,2281783.011983761,166.94366475562458,175.02413354663923,8.640612919798025,3212582.536061646,-2.6414941697561574,0
2025-09-12 15:02:52.257330,159.72012055114885,3165042.3315155106,166.0319820177597,173.96460883078367,9.16415769785518,3638280.730180706,-5.675709027998209,0
2025-09-13 15:02:52.257331,156.35006814566393,3434999.8454563404,163.72365951668527,173.02468912633597,9.965349159546491,3711925.5455106385,-3.370052405484927,0
2025-09-14 15:02:52.257332,160.73610743777056,5117500.894514365,162.0478898925267,172.1110337221102,10.222150493030515,3410575.3657156713,4.386039292106631,1
2025-09-15 15:02:52.257333,163.62175553940338,3488364.278712819,161.16477625062674,170.87409442205148,9.63211682593704,3497538.072436559,2.8856481016328246,1
2025-09-16 15:02:52.257335,164.65177020279654,4785087.689392716,161.01596437535665,169.42329981388608,8.078073948363048,3998199.0079183504,1.0300146633931604,1
2025-09-17 15:02:52.257336,163.1143313498168,3422994.162313243,161.69480653509024,168.38365208840656,7.427722534855122,4049789.374077896,-1.537438852979733,0
2025-09-18 15:02:52.257337,167.29718303135257,2247526.184545582,163.88422951222796,167.5803273089616,6.537836376101584,3812294.641895745,4.182851681535766,1
2025-09-19 15:02:52.257338,164.03001714208946,1621840.2734211197,164.54301145309176,166.71660507630205,5.719106012727418,3113162.517677096,-3.2671658892631115,0
2025-09-20 15:02:52.257339,160.86344718473197,3936653.7057554116,163.99134978215747,165.95295227489757,5.406219432482499,3202820.4030856146,-3.1665699573574955,0
2025-09-21 15:02:52.257341,160.64328748245086,950157.3691196264,163.18965323808834,165.09158543867406,4.738640388443593,2435834.3390309964,-0.2201597022811086,0
2025-09-22 15:02:52.257343,153.85698800745467,1352410.4508771831,161.3381845696159,163.91928087265327,4.450009925560851,2021717.5967437844,-6.786299474996184,0
2025-09-23 15:02:52.257345,150.76675691582471,1624942.07079991,158.03209934651034,162.79214566315116,4.788439502027339,1897200.77399465,-3.09023109162996,0
2025-09-24 15:02:52.257346,150.13117509024204,4672996.62953667,155.25233093614082,161.9782272039685,5.475395887643481,2507432.04521776,-0.6355818255826762,0
2025-09-25 15:02:52.257347,148.82702605779986,1552075.4566201263,152.84504671075442,161.19570532571274,6.173288561094534,2030516.3953907029,-1.304149032442183,0
2025-09-26 15:02:52.257348,145.98730014487853,4135293.3969624313,149.91384924323995,160.2657829030774,6.983395426706407,2667543.6009592637,-2.839725912921324,0
2025-09-27 15:02:52.257349,152.1288062108889,1951309.6508311138,149.56821288392683,159.65829650159816,7.142592201799541,2787323.44095005,6.141506066010379,1
2025-09-28 15:02:52.257350,156.41187871417327,3038147.198029756,150.6972372435965,159.084306404755,6.903382714429376,3069964.4663960193,4.283072503284359,1
2025-09-29 15:02:52.257352,161.94954040895325,3168276.2808536394,153.06091030733876,158.72603564727453,6.531323916225296,2769020.396659413,5.537661694779985,1
2025-09-30 15:02:52.257353,161.70988911602137,3015492.6745841573,155.63748291898307,158.40966391563043,6.201473185903951,3061703.8402522192,-0.2396512929318817,0
2025-10-01 15:02:52.257354,160.21748958685643,2365914.4316795995,158.48352080737862,158.1507469160159,5.999245946300638,2707828.047195653,-1.492399529164942,0
2025-10-02 15:02:52.257355,165.51560349006576,1493769.4690182488,161.160880263214,158.44052106296175,6.215121136918266,2616320.01083308,5.298113903209327,1
2025-10-03 15:02:52.257357,165.8808232878101,3313171.244700139,163.0546691779414,158.91705882006903,6.408765474778141,2671324.8201671564,0.365219797744345,1
2025-10-04 15:02:52.257358,162.4807941166556,4320264.005085869,163.16091991948184,159.0042931540133,6.446591502955805,2901722.365013602,-3.4000291711545003,0
2025-10-05 15:02:52.257359,159.37169646751767,4590978.614642623,162.6932813897811,158.79179020041903,6.3557813479756,3216819.5530252955,-3.1090976491379365,0
2025-10-06 15:02:52.257360,158.42014248993866,3405472.996408594,162.33381197039756,158.48020881477612,6.204329012947236,3424731.2659710944,-0.9515539775790103,0
2025-10-07 15:02:52.257362,158.42958300097195,3718390.987252623,160.9166078725788,158.24597139733388,6.107848270724838,3869655.569617969,0.009440511033290022,1
2025-10-08 15:02:52.257363,158.76727390868453,2223172.68090323,159.49389799675367,157.8194759412005,5.7285974964403605,3651655.8568585874,0.3376909077125845,1
2025-10-09 15:02:52.257364,158.2645104673052,4092779.3609330016,158.6506412668836,157.53120060746127,5.5416363563238376,3606158.9280280136,-0.5027634413793294,0
2025-10-10 15:02:52.257365,165.92897464129624,4018158.721024672,159.9620969016393,157.78447698028947,5.8111539739032985,3491594.9493044233,7.6644641739910355,1
2025-10-11 15:02:52.257366,161.57952126801095,2816762.208403834,160.59397265725377,157.83128866956747,5.83909886988371,3373852.7917034714,-4.349453373285286,0
2025-10-12 15:02:52.257367,163.85004314063093,3348564.2311578384,161.67806468518557,158.33094142622627,5.908262362411162,3299887.440484515,2.2705218726199803,1
2025-10-13 15:02:52.257369,162.37404343592306,3225511.9574097553,162.39941859063327,158.91130575223121,5.692271076940194,3500355.2957858196,-1.4759997047078741,0
2025-10-14 15:02:52.257370,162.32928149514757,4107278.307863934,163.21237279620175,159.5212110724765,5.344890447394412,3503255.0851720064,-0.04476194077548712,0
2025-10-15 15:02:52.257371,165.49430488913438,1510703.7381216309,163.12543884576937,160.35457501404323,4.867786546755447,3001764.088591398,3.1650233939868144,1
2025-10-16 15:02:52.257373,159.77743362574662,1495761.0233580493,162.76502131731652,161.04408168808664,3.514014703378395,2737563.8515822412,-5.716871263387759,0
2025-10-17 15:02:52.257374,156.86168066151248,1535084.4768005235,161.36734882149284,161.2807254106178,3.00445304471569,2374867.9007107783,-2.9157529642341444,0
2025-10-18 15:02:52.257375,156.52116092596395,2617203.3544522584,160.196772319501,161.28618952120735,2.995217351397452,2253206.180119279,-0.34051973554852566,0
2025-10-19 15:02:52.257377,161.29197791010853,4104743.1860263743,159.9893116024932,161.2533113962651,2.991158834960772,2252699.155751767,4.770816984144574,1
2025-10-20 15:02:52.257379,166.1906866925091,1063425.0791007085,160.12858796316814,161.4773512750895,3.188457196621168,2163243.4239475825,4.8987087824005755,1
2025-10-21 15:02:52.257380,170.57615823579374,3426340.3542973464,162.28833288517757,161.99528470753634,3.7626618686969446,2549359.2901354423,4.385471543284638,1
2025-10-22 15:02:52.257381,163.3367656982926,5937953.801169973,163.5833498925336,161.8863428179477,3.6861363500823,3429933.155009332,-7.239392537501146,0
2025-10-23 15:02:52.257382,160.02318857229832,3747409.2546000276,164.28375542180046,161.59346108217213,3.5833261374000824,3655974.3350388855,-3.3135771259942715,0
2025-10-24 15:02:52.257462,156.90586361374088,1191298.1252600981,163.40653256252693,161.31471455702635,3.72471486396406,3073285.32288563,-3.1173249585574467,0
2025-10-25 15:02:52.257463,156.81101055042598,4241948.039602968,161.5305973341103,161.1866802611718,3.8373283634064825,3708989.9149860824,-0.09485306331490051,0
2025-10-26 15:02:52.257465,151.18145364570498,3690013.3595018215,157.65165641609255,160.8247458189601,4.41055902878465,3761724.5160269774,-5.6295569047209995,0
2025-10-27 15:02:52.257466,154.6150881084548,2754321.317218566,155.907320898125,160.63402107433424,4.598072327069002,3124998.019236696,3.4336344627498363,1
2025-10-28 15:02:52.257467,148.64352270850148,3580054.6009938475,153.63138772536564,160.1278335143251,5.315646727681058,3091527.0885154596,-5.9715653999533345,0
2025-10-29 15:02:52.257468,151.82089341123438,1626705.498309063,152.61439368486432,159.80565266152155,5.621028064786076,3178608.5631252527,3.177370702732901,1
2025-10-30 15:02:52.257469,154.56554861931542,3353430.2966097402,152.16530129864222,159.23748136042252,5.5432767212298675,3000905.014526607,2.744655208081042,1
2025-10-31 15:02:52.257471,151.29484808822735,4152811.7180897254,152.1879801871467,158.72324770143334,5.786290360578513,3093464.6862441883,-3.2707005310880675,0
2025-11-01 15:02:52.257472,155.2395892839466,2311799.806439941,152.31288042224506,158.29272500859912,5.704507983373196,3004960.384088463,3.9447411957192458,1
2025-11-02 15:02:52.257473,154.2856026843418,2583323.490984395,153.44129641741313,157.88830297102004,5.686621144783891,2805614.1620865725,-0.9539865996048036,0
2025-11-03 15:02:52.257474,152.54375423330129,2461268.9116398785,153.58586858182647,157.39902660792774,5.70535124897873,2972526.8447527355,-1.7418484510405108,0
2025-11-04 15:02:52.257476,151.33902483467944,2577572.4217323866,152.94056382489927,156.69126260520497,5.523352900381216,2817355.269777265,-1.2047293986218506,0
2025-11-05 15:02:52.257477,150.4015725229657,2158507.7502048034,152.76190871184696,156.2224695500659,5.644193705749876,2418494.4762002802,-0.9374523117137414,0
2025-11-06 15:02:52.257478,149.745230653536,2223700.5552145937,151.66303698576485,155.8666470496671,5.823253607709942,2400874.6259552115,-0.6563418694296956,0
2025-11-07 15:02:52.257479,149.159457955634,4231407.675857344,150.63780804002326,155.4985619011506,6.0093945426356274,2730491.462929801,-0.5857726979020015,0
2025-11-08 15:02:52.257480,146.60026587678922,1367716.570789266,149.44911036872088,154.76397629948465,6.16000391136643,2511780.9947596784,-2.5591920788447737,0
2025-11-09 15:02:52.257483,144.75543770305288,3582227.932478888,148.13239294239557,153.69221385001183,5.927611372307922,2712712.0969089787,-1.8448281737363459,0
2025-11-10 15:02:52.257484,143.181582493702,4227294.768693901,146.6883949365428,152.32248506290725,4.8961725627634465,3126469.500606798,-1.5738552093508815,0
2025-11-11 15:02:52.257486,148.12673704550826,1662195.2343228958,146.36469621493728,151.56198363026803,4.231462882865875,3014168.4364284584,4.945154551806269,1
2025-11-12 15:02:52.257487,146.51754588694246,3146242.882434372,145.83631380119897,150.88670149600023,3.8725384596669454,2797135.477743864,-1.6091911585658067,0
2025-11-13 15:02:52.257488,144.73983634867437,2067250.6184945735,145.464227895576,150.27840013274692,3.832599474312097,2937042.2872849256,-1.777709538268084,0
2025-11-14 15:02:52.257489,149.27115359915425,5769892.253398032,146.36737107479627,149.90140728518332,3.5137671375937263,3374575.151468754,4.531317250479873,1
2025-11-15 15:02:52.257566,148.38708486733464,2949613.8545259503,147.4084715495228,149.7616888462648,3.515745479860854,3119038.968635164,-0.8840687318196103,0
2025-11-16 15:02:52.257567,145.84139027551237,6828114.050756844,146.9514021955236,149.32300395461772,3.424472507259237,4152222.7319219536,-2.5456945918222686,0
2025-11-17 15:02:52.257569,142.71940757959567,6332075.972479176,146.19177453405425,149.0267981981724,3.729006220258964,4789389.349930914,-3.1219826959166994,0
2025-11-18 15:02:52.257570,138.79212486673848,3812000.1501335534,145.0022322376671,148.3753597709476,4.308244178170659,5138339.25625871,-3.927282712857192,0
2025-11-19 15:02:52.257571,140.37269725434962,9543337.411534745,143.22254096870614,147.6657172026993,4.402814338930811,5893028.287886053,1.5805723876111415,1
2025-11-20 15:02:52.257572,135.46509332026207,1487727.5252298634,140.63814265929165,146.87422946430104,5.085926315744776,5600651.022026836,-4.907603934087547,0
2025-11-21 15:02:52.257573,139.231880378566,6734193.54525717,139.31624067990236,146.07384401903204,4.958141633561461,5581866.920926901,3.766787058303919,1
2025-11-22 15:02:52.257574,139.04729410287035,2858943.747340824,138.5818179845573,145.31192858995846,4.798077036066136,4887240.475899231,-0.18458627569563646,0
2025-11-23 15:02:52.257575,137.9060467924429,3068366.7339064246,138.40460236969818,144.58004321791555,4.753081995944932,4738513.792653806,-1.1412473104274454,0
2025-11-24 15:02:52.257576,137.34630665791403,2595747.7577161137,137.79932425041108,143.88040730907727,4.735628034648244,3348995.8618900785,-0.5597401345288802,0
2025-11-25 15:02:52.257578,138.69352673822715,1583224.6284064867,138.44501093400407,143.29500501984035,4.609038615778132,3368095.282525403,1.3472200803131216,1
2025-11-26 15:02:52.257579,137.46507359183826,4346138.279789734,138.09164957665854,142.68099716675545,4.52166759602308,2890484.229431916,-1.2284531463888868,0
2025-11-27 15:02:52.257580,137.00733168725336,1757919.9174009115,137.68365709353515,142.07339085333643,4.420647703601036,2670279.4634439335,-0.45774190458490693,0
2025-11-28 15:02:52.257582,139.99350611398603,2432671.91710629,138.10114895784378,141.74305286519626,4.310032699781714,2543140.500083907,2.986174426732674,1
2025-11-29 15:02:52.257583,141.038675828459,2487114.5847402327,138.83962279195276,141.55721477146656,4.2530622048458735,2521413.865488731,1.0451697144729621,1
2025-11-30 15:02:52.257584,137.62531890373876,5377791.121436682,138.62598122505509,141.2794015919684,4.322279220936451,3280327.1640947694,-3.413356924720233,0
2025-12-01 15:02:52.257585,135.75882223540182,3150783.490337409,138.2847309537678,140.66100585146307,4.173237941381856,3041256.206204305,-1.8664966683369357,0
2025-12-02 15:02:52.257586,131.07263203169117,963308.8385552764,137.09779102265537,139.88876015870053,4.452160720328658,2882333.990435178,-4.686190203710652,0
2025-12-03 15:02:52.257589,132.76179985051806,2085421.1075125514,135.65144976996174,139.2898583337927,4.569348229631173,2812883.8285164298,1.6891678188268884,1
2025-12-04 15:02:52.257591,134.76015123205266,1496928.9105096785,134.3957448506805,138.56430821543762,4.020103778428525,2614846.693670319,1.9983513815346043,1
2025-12-05 15:02:52.257592,132.33137994281427,4202713.899766667,133.33695705849559,137.7615229692116,3.52835599159329,2379831.2493363163,-2.428771289238398,0
2025-12-06 15:02:52.257593,138.64355368845872,1809486.8389546177,133.913903349107,137.40163113985892,2.986283590636658,2111571.919059758,6.312173745644458,1
2025-12-07 15:02:52.257594,145.64381223546522,2414691.8329127496,136.82813938986178,137.5478513726524,3.3139823381242848,2401848.5179312523,7.000258547006496,1
2025-12-08 15:02:52.257595,145.78314209151623,7843285.353464866,139.4324078380614,137.89740223389128,3.7870637175497395,3553421.367121716,0.13932985605100612,1
2025-12-09 15:02:52.257596,143.54848294083803,4494603.530512057,141.1900741798185,138.0561915182157,3.9589906169485296,4152956.2911221907,-2.2346591506781976,0
2025-12-10 15:02:52.257597,144.40890046685374,1826124.5115955777,143.60557828462638,138.5033818755453,4.1513603616768435,3677638.413487973,0.8604175260157092,1
2025-12-11 15:02:52.257598,142.12802321163608,4938262.993151045,144.30247218926183,138.6481890171988,4.227914732860555,4303393.644327259,-2.2808772552176606,0
2025-12-12 15:02:52.257599,144.92681186945677,2283190.1747032683,144.15907211606017,138.9421649055281,4.455412913533553,4277093.312685362,2.798788657820694,1
2025-12-13 15:02:52.257600,145.4825363593392,4932097.8716856865,144.09895096962475,139.32098938387293,4.679159498711406,3694855.8163295267,0.5557244898824365,1
2025-12-14 15:02:52.257602,146.2505910872438,2659992.900183763,144.63937259890594,139.76620360533943,4.899795014576332,3327933.690263868,0.7680547279045982,1
2025-12-15 15:02:52.257603,151.5635249757272,2022785.8590989136,146.07029750068062,140.4097035172144,5.553074755843644,3367265.959764535,5.3129338884834,1
2025-12-16 15:02:52.257604,149.77353361121214,1930453.9297770527,147.59939958059581,141.02512651818313,5.8818709199726165,2765704.1470897365,-1.7899913645150605,0
2025-12-17 15:02:52.257605,148.1232295590172,3774634.1829761784,148.2386831185079,141.5809214117713,6.006110647390437,3063992.9487443184,-1.6503040521949401,0
2025-12-18 15:02:52.257606,150.76343740685945,5160327.648208209,149.29486332801196,142.11941797641498,6.330349116235198,3109638.904048823,2.640207847842248,1
2025-12-19 15:02:52.257607,149.57112334314962,3938065.6993381935,149.95896977919313,142.54604035214953,6.537796405629079,3365253.463879709,-1.19231406370983,0
2025-12-20 15:02:52.257608,154.52388031889032,2633119.084216814,150.55104084782573,143.3909684229071,6.9475097272278274,3487320.108903289,4.952756975740698,1
2025-12-21 15:02:52.257609,157.72587885207645,1330849.6301463011,152.1415098959986,144.4893212537408,7.399154857689773,3367399.2489771387,3.201998533186128,1
2025-12-22 15:02:52.257611,156.63705227768233,2374564.4787353463,153.84427443973163,145.76754226604038,7.163816976476747,3087385.3081289725,-1.088826574394119,0
2025-12-23 15:02:52.257612,151.1390121407474,1748000.8314927036,153.91938938650924,146.68640288055184,6.561059189340736,2404919.9447858715,-5.498040136934918,0
2025-12-24 15:02:52.257613,146.88576158756626,6480347.358688041,153.38231703539253,147.2926833983275,5.930985540810024,2913376.2766558407,-4.253250553181147,0
2025-12-25 15:02:52.257614,145.55002345992972,2678474.7605231525,151.58754566360045,147.9536155741833,4.805779612376604,2922447.411917108,-1.3357381276365459,0
2025-12-26 15:02:52.257615,146.80629969959762,3798778.2313380856,149.40362983310467,148.36175287474026,4.292725770354748,3416033.1321554654,1.2562762396678977,1
2025-12-27 15:02:52.257616,150.1537202347616,2752917.483284198,148.10696342452053,148.58724827470505,4.260771973805347,3491703.7330652354,3.347420535163991,1
2025-12-28 15:02:52.257617,149.57737521655193,4052492.770293494,147.79463603968142,148.77695993095685,4.213555243850065,3952602.1208253936,-0.576345018209679,0
2025-12-29 15:02:52.257619,147.0152104065431,4681302.8292413205,147.8205258034768,148.9502963042421,4.05548872939693,3592793.214936049,-2.5621648100088237,0
2025-12-30 15:02:52.257620,146.6752878872002,10472123.307440635,148.0455786889309,149.06361567525943,3.95226350469177,5151522.924319546,-0.33992251934290607,0
2025-12-31 15:02:52.257621,146.8084395408128,2602641.000033406,148.0460066571739,149.29763649171827,3.6467390705513933,4912295.478058611,0.13315165361260028,1
2026-01-01 15:02:52.257622,150.76578063165155,5507122.527211732,148.1684187365519,149.589584929828,3.5095514232162794,5463136.486844117,3.957341090838753,1
2026-01-02 15:02:52.257623,154.65796400585364,3756350.8393184217,149.18453649441227,150.04835631215374,3.543959037461536,5403908.100649103,3.892183374202091,1
2026-01-03 15:02:52.257624,151.66557784827455,2448382.519682809,150.11460998275857,150.31910565020524,3.4439844445912784,4957324.0387373995,-2.992386157579091,0
2026-01-04 15:02:52.257628,153.12579715568427,2537342.9039289295,151.40471183645536,150.39721925920313,3.49108979567705,3370367.9580350593,1.4602193074097158,1
2026-01-05 15:02:52.257629,150.60836611138615,4136874.9385237074,152.16469715057002,150.43896088421178,3.4882298572910417,3677214.7457331195,-2.517431044298121,0
2026-01-06 15:02:52.257630,148.21602359227376,2818453.4867335386,151.65474574269447,150.44360058587463,3.4850478461218155,3139480.937637481,-2.3923425191123897,0
2026-01-07 15:02:52.257631,151.40287627625872,3445114.4598795036,151.00372819677548,150.4755725293446,3.4910643940157495,3077233.6617496973,3.1868526839849665,1
2026-01-08 15:02:52.257632,150.87598217252142,4557673.230054734,150.84580906162486,150.5408154708132,3.485460387802269,3499091.803824082,-0.5268941037373054,0
2026-01-09 15:02:52.257633,152.89561351416586,11383223.248741878,150.7997723333212,150.45940213057696,3.4056296564848947,5268267.872786673,2.019631341644441,1
2026-01-10 15:02:52.257634,154.61684936496727,3322547.001325844,151.6014689840374,150.3039506562215,3.115051187638239,5105402.285347099,1.7212358508014063,1
2026-01-11 15:02:52.257635,154.4484539865129,1859676.83125668,152.84795506288523,150.19452074166304,2.9127358067049793,4913646.954251727,-0.16839537845436325,0
2026-01-12 15:02:52.257636,155.55823516282805,3988774.709016795,153.6790268401991,150.41548189276705,3.1464052964118814,5022379.004079185,1.1097811763151526,1
2026-01-13 15:02:52.257637,156.27186773688993,2566324.6384910196,154.75820395307284,150.88478720023326,3.2889835238778207,4624109.285766442,0.7136325740618759,1
2026-01-14 15:02:52.257638,152.7936375213629,8425758.140982512,154.7378087545122,151.2469679033049,3.061572935398433,4032616.2642145692,-3.47823021552702,0
2026-01-15 15:02:52.257639,154.367287768452,2549591.0237118085,154.68789643520915,151.62501730674762,2.949128175125475,3878025.0686917626,1.5736502470890912,1
2026-01-16 15:02:52.257640,152.27906603117697,3299226.264260501,154.25401884414197,151.7312845965684,2.9315614017756317,4165934.9552925276,-2.0882217372750347,0
2026-01-17 15:02:52.257642,149.132161655446,4463558.852742632,152.96880414266556,151.70902391851308,2.950407612207168,4260891.784037694,-3.146904375730969,0
2026-01-18 15:02:52.257643,151.77903896982417,4179283.469687396,152.0702383892524,151.94721534667718,2.736031607412717,4583483.55027697,2.646877314378173,1
2026-01-19 15:02:52.257644,150.0696299561383,6550790.288795695,151.5254368762075,152.11693245012407,2.4856169416866396,4208489.979839606,-1.709409013685871,0
2026-01-20 15:02:52.257645,153.51728225781463,4564145.20483805,151.35543577408004,152.45237458597416,2.1633063646674633,4611400.816064855,3.447652301676328,1
2026-01-21 15:02:52.257646,157.0054226084493,10548279.998000138,152.30070708953448,152.76435668481403,2.349210221700214,6061211.562812782,3.4881403506346658,1
2026-01-22 15:02:52.257647,155.59326438875115,4092826.0281995623,153.5929276361955,152.81112170395892,2.3976986270814944,5987064.997904168,-1.4121582196981421,0
2026-01-23 15:02:52.257648,159.03306580829278,6259130.1642709,155.04373300388923,153.1794961019598,2.752190889856388,6403034.336820869,3.4398014195416238,1
2026-01-24 15:02:52.257650,157.87848234722279,2585357.9143956597,156.60550348210612,153.41713036153675,2.945690219534851,5609947.861940862,-1.1545834610699899,0
2026-01-25 15:02:52.257651,157.74153558250356,8774951.46671411,157.45035414704392,153.77378883509263,3.0186433436476006,6452109.114316074,-0.13694676471922662,0
2026-01-26 15:02:52.257652,159.38673791007128,2747362.651622887,157.9266172073683,154.3323245509825,2.969220569285773,4891925.645040624,1.6452023275677163,1
2026-01-27 15:02:52.257653,166.1052279936017,6872350.089351976,160.02900992833844,155.06744213684965,3.8846579200899773,5447830.4572711075,6.718490083530412,1
2026-01-28 15:02:52.257654,169.34523367074377,5106165.894968355,162.0914435008286,155.99090471176075,4.898722217249801,5217237.603410597,3.2400056771420793,1
2026-01-29 15:02:52.257655,169.23421498638524,3379825.8054612316,164.36259002866112,156.80783478537174,5.658756848797341,5376131.181623712,-0.1110186843585268,0
2026-01-30 15:02:52.257656,169.66903560343286,6905547.197188969,166.74809003284696,157.56044409729503,6.31493928897177,5002250.3277186835,0.4348206170476203,1
2026-01-31 15:02:52.257657,164.4632665183792,3249480.8517053057,167.76339575450857,158.06118472388832,6.450786805007712,5102673.967735168,-5.205769085053646,0
2026-02-01 15:02:52.257658,167.8856799771708,6479752.668817382,168.11948615122236,158.67755696460546,6.779605691699578,5024154.483628249,3.4224134587915955,1
2026-02-02 15:02:52.257660,171.01136330346972,3949204.323756179,168.45271207776756,159.41453174293446,7.286508134288382,4792762.169385813,3.125683326298912,1
2026-02-03 15:02:52.257661,172.06973875048843,2707108.823289743,169.0198168305882,160.37833680439073,7.631342694892769,4658218.772951515,1.0583754470187046,1
2026-02-04 15:02:52.257662,174.64493592746894,3836741.522433094,170.01499689539543,161.3922192123416,8.12194695512059,4044457.6380003407,2.5751971769805095,1
2026-02-05 15:02:52.257663,167.79638046529118,3325238.02156686,170.6816196847778,162.16808493404727,7.944805627055275,4059609.071972652,-6.848555462177757,0
2026-02-06 15:02:52.257664,164.28716635391913,2620148.862637757,169.96191696012747,162.92583516897093,7.335387531649165,3287688.3107367265,-3.509214111372046,0
2026-02-07 15:02:52.257665,170.39944941047224,3672902.97991827,169.839534181528,163.85685569100332,7.021089114144965,3232428.0419691447,6.11228305655311,1
2026-02-08 15:02:52.257666,169.6081601991541,4000153.7369661937,169.3472184712611,164.83378220315413,6.326720096896467,3491037.024704435,-0.7912892113181442,0
2026-02-09 15:02:52.257667,172.28317613943102,958124.0591045718,168.87486651365353,165.77207689723497,5.939797607978268,2915313.5320387306,2.6750159402769214,1
2026-02-10 15:02:52.257668,169.81450677298315,4200364.19553894,169.27849177519192,166.41253110546165,5.627124613380217,3090338.766833146,-2.4686693664478696,0
2026-02-11 15:02:52.257669,168.40357846775146,4735284.647131255,170.1017741979584,167.05304680941168,5.027967188097388,3513365.923731846,-1.4109283052316925,0
2026-02-12 15:02:52.257670,174.85499090224098,6755198.20691556,170.99288249631215,167.8441430641091,4.943694535426327,4129824.9691313044,6.4514124344895265,1
2026-02-13 15:02:52.257671,174.39240664194236,1762069.7822400876,171.9497317848698,168.66983927884505,4.555459853802739,3682208.1781860827,-0.46258426029862676,0
2026-02-14 15:02:52.257672,176.3162349304399,1965481.9041423216,172.75634354307158,169.59857424624187,4.07870365822335,3883679.747193632,1.923828288497532,1
2026-02-15 15:02:52.257673,176.8652756007801,3629612.975184529,174.16649730863097,170.47250113077732,3.622510254458652,3769529.5031227507,0.5490406703402186,1
